-- phpMyAdmin SQL Dump
-- version 5.2.0
-- https://www.phpmyadmin.net/
--
-- Host: localhost
-- Generation Time: Dec 10, 2025 at 12:55 PM
-- Server version: 8.0.30
-- PHP Version: 8.2.28

SET SQL_MODE = "NO_AUTO_VALUE_ON_ZERO";
START TRANSACTION;
SET time_zone = "+00:00";


/*!40101 SET @OLD_CHARACTER_SET_CLIENT=@@CHARACTER_SET_CLIENT */;
/*!40101 SET @OLD_CHARACTER_SET_RESULTS=@@CHARACTER_SET_RESULTS */;
/*!40101 SET @OLD_COLLATION_CONNECTION=@@COLLATION_CONNECTION */;
/*!40101 SET NAMES utf8mb4 */;

--
-- Database: `uas_bi_dw`
--

-- --------------------------------------------------------

--
-- Table structure for table `dimcustomer`
--

CREATE TABLE `dimcustomer` (
  `CustomerKey` int NOT NULL,
  `customerID` tinytext,
  `companyName` tinytext,
  `city` tinytext,
  `country` tinytext
) ENGINE=InnoDB DEFAULT CHARSET=utf8mb4 COLLATE=utf8mb4_0900_ai_ci;

--
-- Dumping data for table `dimcustomer`
--

INSERT INTO `dimcustomer` (`CustomerKey`, `customerID`, `companyName`, `city`, `country`) VALUES
(1, 'ALFKI', 'Alfreds Futterkiste', 'Berlin', 'Germany'),
(2, 'ANATR', 'Ana Trujillo Emparedados y helados', 'Mexico City', 'Mexico'),
(3, 'ANTON', 'Antonio Moreno Taquería', 'Mexico City', 'Mexico'),
(4, 'AROUT', 'Around the Horn', 'London', 'UK'),
(5, 'BERGS', 'Berglunds snabbköp', 'Luleå', 'Sweden'),
(6, 'BLAUS', 'Blauer See Delikatessen', 'Mannheim', 'Germany'),
(7, 'BLONP', 'Blondesddsl père et fils', 'Strasbourg', 'France'),
(8, 'BOLID', 'Bólido Comidas preparadas', 'Madrid', 'Spain'),
(9, 'BONAP', 'Bon app\'', 'Marseille', 'France'),
(10, 'BOTTM', 'Bottom-Dollar Markets', 'Tsawassen', 'Canada'),
(11, 'BSBEV', 'B\'s Beverages', 'London', 'UK'),
(12, 'CACTU', 'Cactus Comidas para llevar', 'Buenos Aires', 'Argentina'),
(13, 'CENTC', 'Centro comercial Moctezuma', 'Mexico City', 'Mexico'),
(14, 'CHOPS', 'Chop-suey Chinese', 'Bern', 'Switzerland'),
(15, 'COMMI', 'Comércio Mineiro', 'Sao Paulo', 'Brazil'),
(16, 'CONSH', 'Consolidated Holdings', 'London', 'UK'),
(17, 'DRACD', 'Drachenblut Delikatessen', 'Aachen', 'Germany'),
(18, 'DUMON', 'Du monde entier', 'Nantes', 'France'),
(19, 'EASTC', 'Eastern Connection', 'London', 'UK'),
(20, 'ERNSH', 'Ernst Handel', 'Graz', 'Austria'),
(21, 'FAMIA', 'Familia Arquibaldo', 'Sao Paulo', 'Brazil'),
(22, 'FISSA', 'FISSA Fabrica Inter. Salchichas S.A.', 'Madrid', 'Spain'),
(23, 'FOLIG', 'Folies gourmandes', 'Lille', 'France'),
(24, 'FOLKO', 'Folk och fä HB', 'Bräcke', 'Sweden'),
(25, 'FRANK', 'Frankenversand', 'München', 'Germany'),
(26, 'FRANR', 'France restauration', 'Nantes', 'France'),
(27, 'FRANS', 'Franchi S.p.A.', 'Torino', 'Italy'),
(28, 'FURIB', 'Furia Bacalhau e Frutos do Mar', 'Lisboa', 'Portugal'),
(29, 'GALED', 'Galería del gastrónomo', 'Barcelona', 'Spain'),
(30, 'GODOS', 'Godos Cocina Típica', 'Sevilla', 'Spain'),
(31, 'GOURL', 'Gourmet Lanchonetes', 'Campinas', 'Brazil'),
(32, 'GREAL', 'Great Lakes Food Market', 'Eugene', 'USA'),
(33, 'GROSR', 'GROSELLA-Restaurante', 'Caracas', 'Venezuela'),
(34, 'HANAR', 'Hanari Carnes', 'Rio de Janeiro', 'Brazil'),
(35, 'HILAA', 'HILARION-Abastos', 'San Cristóbal', 'Venezuela'),
(36, 'HUNGC', 'Hungry Coyote Import Store', 'Elgin', 'USA'),
(37, 'HUNGO', 'Hungry Owl All-Night Grocers', 'Cork', 'Ireland'),
(38, 'ISLAT', 'Island Trading', 'Cowes', 'UK'),
(39, 'KOENE', 'Königlich Essen', 'Brandenburg', 'Germany'),
(40, 'LACOR', 'La corne d\'abondance', 'Versailles', 'France'),
(41, 'LAMAI', 'La maison d\'Asie', 'Toulouse', 'France'),
(42, 'LAUGB', 'Laughing Bacchus Wine Cellars', 'Vancouver', 'Canada'),
(43, 'LAZYK', 'Lazy K Kountry Store', 'Walla Walla', 'USA'),
(44, 'LEHMS', 'Lehmanns Marktstand', 'Frankfurt a.M.', 'Germany'),
(45, 'LETSS', 'Let\'s Stop N Shop', 'San Francisco', 'USA'),
(46, 'LILAS', 'LILA-Supermercado', 'Barquisimeto', 'Venezuela'),
(47, 'LINOD', 'LINO-Delicateses', 'I. de Margarita', 'Venezuela'),
(48, 'LONEP', 'Lonesome Pine Restaurant', 'Portland', 'USA'),
(49, 'MAGAA', 'Magazzini Alimentari Riuniti', 'Bergamo', 'Italy'),
(50, 'MAISD', 'Maison Dewey', 'Bruxelles', 'Belgium'),
(51, 'MEREP', 'Mère Paillarde', 'Montréal', 'Canada'),
(52, 'MORGK', 'Morgenstern Gesundkost', 'Leipzig', 'Germany'),
(53, 'NORTS', 'North/South', 'London', 'UK'),
(54, 'OCEAN', 'Océano Atlántico Ltda.', 'Buenos Aires', 'Argentina'),
(55, 'OLDWO', 'Old World Delicatessen', 'Anchorage', 'USA'),
(56, 'OTTIK', 'Ottilies Käseladen', 'Köln', 'Germany'),
(57, 'PARIS', 'Paris spécialités', 'Paris', 'France'),
(58, 'PERIC', 'Pericles Comidas clásicas', 'Mexico City', 'Mexico'),
(59, 'PICCO', 'Piccolo und mehr', 'Salzburg', 'Austria'),
(60, 'PRINI', 'Princesa Isabel Vinhos', 'Lisboa', 'Portugal'),
(61, 'QUEDE', 'Que Delícia', 'Rio de Janeiro', 'Brazil'),
(62, 'QUEEN', 'Queen Cozinha', 'Sao Paulo', 'Brazil'),
(63, 'QUICK', 'QUICK-Stop', 'Cunewalde', 'Germany'),
(64, 'RANCH', 'Rancho grande', 'Buenos Aires', 'Argentina'),
(65, 'RATTC', 'Rattlesnake Canyon Grocery', 'Albuquerque', 'USA'),
(66, 'REGGC', 'Reggiani Caseifici', 'Reggio Emilia', 'Italy'),
(67, 'RICAR', 'Ricardo Adocicados', 'Rio de Janeiro', 'Brazil'),
(68, 'RICSU', 'Richter Supermarkt', 'Genève', 'Switzerland'),
(69, 'ROMEY', 'Romero y tomillo', 'Madrid', 'Spain'),
(70, 'SANTG', 'Santé Gourmet', 'Stavern', 'Norway'),
(71, 'SAVEA', 'Save-a-lot Markets', 'Boise', 'USA'),
(72, 'SEVES', 'Seven Seas Imports', 'London', 'UK'),
(73, 'SIMOB', 'Simons bistro', 'Kobenhavn', 'Denmark'),
(74, 'SPECD', 'Spécialités du monde', 'Paris', 'France'),
(75, 'SPLIR', 'Split Rail Beer & Ale', 'Lander', 'USA'),
(76, 'SUPRD', 'Suprêmes délices', 'Charleroi', 'Belgium'),
(77, 'THEBI', 'The Big Cheese', 'Portland', 'USA'),
(78, 'THECR', 'The Cracker Box', 'Butte', 'USA'),
(79, 'TOMSP', 'Toms Spezialitäten', 'Münster', 'Germany'),
(80, 'TORTU', 'Tortuga Restaurante', 'Mexico City', 'Mexico'),
(81, 'TRADH', 'Tradição Hipermercados', 'Sao Paulo', 'Brazil'),
(82, 'TRAIH', 'Trail\'s Head Gourmet Provisioners', 'Kirkland', 'USA'),
(83, 'VAFFE', 'Vaffeljernet', 'Århus', 'Denmark'),
(84, 'VICTE', 'Victuailles en stock', 'Lyon', 'France'),
(85, 'VINET', 'Vins et alcools Chevalier', 'Reims', 'France'),
(86, 'WANDK', 'Die Wandernde Kuh', 'Stuttgart', 'Germany'),
(87, 'WARTH', 'Wartian Herkku', 'Oulu', 'Finland'),
(88, 'WELLI', 'Wellington Importadora', 'Resende', 'Brazil'),
(89, 'WHITC', 'White Clover Markets', 'Seattle', 'USA'),
(90, 'WILMK', 'Wilman Kala', 'Helsinki', 'Finland'),
(91, 'WOLZA', 'Wolski  Zajazd', 'Warszawa', 'Poland');

-- --------------------------------------------------------

--
-- Table structure for table `dimemployee`
--

CREATE TABLE `dimemployee` (
  `EmployeeKey` int NOT NULL,
  `EmployeeID` int DEFAULT NULL,
  `EmployeeName` varchar(255) DEFAULT NULL,
  `Title` varchar(100) DEFAULT NULL
) ENGINE=InnoDB DEFAULT CHARSET=utf8mb4 COLLATE=utf8mb4_0900_ai_ci;

--
-- Dumping data for table `dimemployee`
--

INSERT INTO `dimemployee` (`EmployeeKey`, `EmployeeID`, `EmployeeName`, `Title`) VALUES
(1, 1, 'Nancy Davolio', 'Sales Representative'),
(2, 2, 'Andrew Fuller', 'Vice President Sales'),
(3, 3, 'Janet Leverling', 'Sales Representative'),
(4, 4, 'Margaret Peacock', 'Sales Representative'),
(5, 5, 'Steven Buchanan', 'Sales Manager'),
(6, 6, 'Michael Suyama', 'Sales Representative'),
(7, 7, 'Robert King', 'Sales Representative'),
(8, 8, 'Laura Callahan', 'Sales Manager'),
(9, 9, 'Anne Dodsworth', 'Sales Representative');

-- --------------------------------------------------------

--
-- Table structure for table `dimproduct`
--

CREATE TABLE `dimproduct` (
  `ProductKey` int NOT NULL,
  `ProductID` bigint DEFAULT NULL,
  `ProductName` varchar(32) DEFAULT NULL,
  `CategoryName` varchar(16) DEFAULT NULL
) ENGINE=InnoDB DEFAULT CHARSET=utf8mb4 COLLATE=utf8mb4_0900_ai_ci;

--
-- Dumping data for table `dimproduct`
--

INSERT INTO `dimproduct` (`ProductKey`, `ProductID`, `ProductName`, `CategoryName`) VALUES
(1, 1, 'Chai', 'Beverages'),
(2, 2, 'Chang', 'Beverages'),
(3, 3, 'Aniseed Syrup', 'Condiments'),
(4, 4, 'Chef Anton\'s Cajun Seasoning', 'Condiments'),
(5, 5, 'Chef Anton\'s Gumbo Mix', 'Condiments'),
(6, 6, 'Grandma\'s Boysenberry Spread', 'Condiments'),
(7, 7, 'Uncle Bob\'s Organic Dried Pears', 'Produce'),
(8, 8, 'Northwoods Cranberry Sauce', 'Condiments'),
(9, 9, 'Mishi Kobe Niku', 'Meat & Poultry'),
(10, 10, 'Ikura', 'Seafood'),
(11, 11, 'Queso Cabrales', 'Dairy Products'),
(12, 12, 'Queso Manchego La Pastora', 'Dairy Products'),
(13, 13, 'Konbu', 'Seafood'),
(14, 14, 'Tofu', 'Produce'),
(15, 15, 'Genen Shouyu', 'Condiments'),
(16, 16, 'Pavlova', 'Confections'),
(17, 17, 'Alice Mutton', 'Meat & Poultry'),
(18, 18, 'Carnarvon Tigers', 'Seafood'),
(19, 19, 'Teatime Chocolate Biscuits', 'Confections'),
(20, 20, 'Sir Rodney\'s Marmalade', 'Confections'),
(21, 21, 'Sir Rodney\'s Scones', 'Confections'),
(22, 22, 'Gustaf\'s Knackebröd', 'Grains & Cereals'),
(23, 23, 'Tunnbröd', 'Grains & Cereals'),
(24, 24, 'Guarana Fantastica', 'Beverages'),
(25, 25, 'NuNuCa Nuß-Nougat-Creme', 'Confections'),
(26, 26, 'Gumbär Gummibärchen', 'Confections'),
(27, 27, 'Schoggi Schokolade', 'Confections'),
(28, 28, 'Rössle Sauerkraut', 'Produce'),
(29, 29, 'Thüringer Rostbratwurst', 'Meat & Poultry'),
(30, 30, 'Nord-Ost Matjeshering', 'Seafood'),
(31, 31, 'Gorgonzola Telino', 'Dairy Products'),
(32, 32, 'Mascarpone Fabioli', 'Dairy Products'),
(33, 33, 'Geitost', 'Dairy Products'),
(34, 34, 'Sasquatch Ale', 'Beverages'),
(35, 35, 'Steeleye Stout', 'Beverages'),
(36, 36, 'Inlagd Sill', 'Seafood'),
(37, 37, 'Gravad lax', 'Seafood'),
(38, 38, 'Côte de Blaye', 'Beverages'),
(39, 39, 'Chartreuse verte', 'Beverages'),
(40, 40, 'Boston Crab Meat', 'Seafood'),
(41, 41, 'Jack\'s New England Clam Chowder', 'Seafood'),
(42, 42, 'Singaporean Hokkien Fried Mee', 'Grains & Cereals'),
(43, 43, 'Ipoh Coffee', 'Beverages'),
(44, 44, 'Gula Malacca', 'Condiments'),
(45, 45, 'Rogede sild', 'Seafood'),
(46, 46, 'Spegesild', 'Seafood'),
(47, 47, 'Zaanse koeken', 'Confections'),
(48, 48, 'Chocolade', 'Confections'),
(49, 49, 'Maxilaku', 'Confections'),
(50, 50, 'Valkoinen suklaa', 'Confections'),
(51, 51, 'Manjimup Dried Apples', 'Produce'),
(52, 52, 'Filo Mix', 'Grains & Cereals'),
(53, 53, 'Perth Pasties', 'Meat & Poultry'),
(54, 54, 'Tourtière', 'Meat & Poultry'),
(55, 55, 'Pâté chinois', 'Meat & Poultry'),
(56, 56, 'Gnocchi di nonna Alice', 'Grains & Cereals'),
(57, 57, 'Ravioli Angelo', 'Grains & Cereals'),
(58, 58, 'Escargots de Bourgogne', 'Seafood'),
(59, 59, 'Raclette Courdavault', 'Dairy Products'),
(60, 60, 'Camembert Pierrot', 'Dairy Products'),
(61, 61, 'Sirop d\'érable', 'Condiments'),
(62, 62, 'Tarte au sucre', 'Confections'),
(63, 63, 'Vegie-spread', 'Condiments'),
(64, 64, 'Wimmers gute Semmelknödel', 'Grains & Cereals'),
(65, 65, 'Louisiana Fiery Hot Pepper Sauce', 'Condiments'),
(66, 66, 'Louisiana Hot Spiced Okra', 'Condiments'),
(67, 67, 'Laughing Lumberjack Lager', 'Beverages'),
(68, 68, 'Scottish Longbreads', 'Confections'),
(69, 69, 'Gudbrandsdalsost', 'Dairy Products'),
(70, 70, 'Outback Lager', 'Beverages'),
(71, 71, 'Flotemysost', 'Dairy Products'),
(72, 72, 'Mozzarella di Giovanni', 'Dairy Products'),
(73, 73, 'Röd Kaviar', 'Seafood'),
(74, 74, 'Longlife Tofu', 'Produce'),
(75, 75, 'Rhönbräu Klosterbier', 'Beverages'),
(76, 76, 'Lakkaliköri', 'Beverages'),
(77, 77, 'Original Frankfurter Grüne Soße', 'Condiments'),
(78, 1, 'Chai', 'Beverages'),
(79, 2, 'Chang', 'Beverages'),
(80, 3, 'Aniseed Syrup', 'Condiments'),
(81, 4, 'Chef Anton\'s Cajun Seasoning', 'Condiments'),
(82, 5, 'Chef Anton\'s Gumbo Mix', 'Condiments'),
(83, 6, 'Grandma\'s Boysenberry Spread', 'Condiments'),
(84, 7, 'Uncle Bob\'s Organic Dried Pears', 'Produce'),
(85, 8, 'Northwoods Cranberry Sauce', 'Condiments'),
(86, 9, 'Mishi Kobe Niku', 'Meat & Poultry'),
(87, 10, 'Ikura', 'Seafood'),
(88, 11, 'Queso Cabrales', 'Dairy Products'),
(89, 12, 'Queso Manchego La Pastora', 'Dairy Products'),
(90, 13, 'Konbu', 'Seafood'),
(91, 14, 'Tofu', 'Produce'),
(92, 15, 'Genen Shouyu', 'Condiments'),
(93, 16, 'Pavlova', 'Confections'),
(94, 17, 'Alice Mutton', 'Meat & Poultry'),
(95, 18, 'Carnarvon Tigers', 'Seafood'),
(96, 19, 'Teatime Chocolate Biscuits', 'Confections'),
(97, 20, 'Sir Rodney\'s Marmalade', 'Confections'),
(98, 21, 'Sir Rodney\'s Scones', 'Confections'),
(99, 22, 'Gustaf\'s Knackebröd', 'Grains & Cereals'),
(100, 23, 'Tunnbröd', 'Grains & Cereals'),
(101, 24, 'Guarana Fantastica', 'Beverages'),
(102, 25, 'NuNuCa Nuß-Nougat-Creme', 'Confections'),
(103, 26, 'Gumbär Gummibärchen', 'Confections'),
(104, 27, 'Schoggi Schokolade', 'Confections'),
(105, 28, 'Rössle Sauerkraut', 'Produce'),
(106, 29, 'Thüringer Rostbratwurst', 'Meat & Poultry'),
(107, 30, 'Nord-Ost Matjeshering', 'Seafood'),
(108, 31, 'Gorgonzola Telino', 'Dairy Products'),
(109, 32, 'Mascarpone Fabioli', 'Dairy Products'),
(110, 33, 'Geitost', 'Dairy Products'),
(111, 34, 'Sasquatch Ale', 'Beverages'),
(112, 35, 'Steeleye Stout', 'Beverages'),
(113, 36, 'Inlagd Sill', 'Seafood'),
(114, 37, 'Gravad lax', 'Seafood'),
(115, 38, 'Côte de Blaye', 'Beverages'),
(116, 39, 'Chartreuse verte', 'Beverages'),
(117, 40, 'Boston Crab Meat', 'Seafood'),
(118, 41, 'Jack\'s New England Clam Chowder', 'Seafood'),
(119, 42, 'Singaporean Hokkien Fried Mee', 'Grains & Cereals'),
(120, 43, 'Ipoh Coffee', 'Beverages'),
(121, 44, 'Gula Malacca', 'Condiments'),
(122, 45, 'Rogede sild', 'Seafood'),
(123, 46, 'Spegesild', 'Seafood'),
(124, 47, 'Zaanse koeken', 'Confections'),
(125, 48, 'Chocolade', 'Confections'),
(126, 49, 'Maxilaku', 'Confections'),
(127, 50, 'Valkoinen suklaa', 'Confections'),
(128, 51, 'Manjimup Dried Apples', 'Produce'),
(129, 52, 'Filo Mix', 'Grains & Cereals'),
(130, 53, 'Perth Pasties', 'Meat & Poultry'),
(131, 54, 'Tourtière', 'Meat & Poultry'),
(132, 55, 'Pâté chinois', 'Meat & Poultry'),
(133, 56, 'Gnocchi di nonna Alice', 'Grains & Cereals'),
(134, 57, 'Ravioli Angelo', 'Grains & Cereals'),
(135, 58, 'Escargots de Bourgogne', 'Seafood'),
(136, 59, 'Raclette Courdavault', 'Dairy Products'),
(137, 60, 'Camembert Pierrot', 'Dairy Products'),
(138, 61, 'Sirop d\'érable', 'Condiments'),
(139, 62, 'Tarte au sucre', 'Confections'),
(140, 63, 'Vegie-spread', 'Condiments'),
(141, 64, 'Wimmers gute Semmelknödel', 'Grains & Cereals'),
(142, 65, 'Louisiana Fiery Hot Pepper Sauce', 'Condiments'),
(143, 66, 'Louisiana Hot Spiced Okra', 'Condiments'),
(144, 67, 'Laughing Lumberjack Lager', 'Beverages'),
(145, 68, 'Scottish Longbreads', 'Confections'),
(146, 69, 'Gudbrandsdalsost', 'Dairy Products'),
(147, 70, 'Outback Lager', 'Beverages'),
(148, 71, 'Flotemysost', 'Dairy Products'),
(149, 72, 'Mozzarella di Giovanni', 'Dairy Products'),
(150, 73, 'Röd Kaviar', 'Seafood'),
(151, 74, 'Longlife Tofu', 'Produce'),
(152, 75, 'Rhönbräu Klosterbier', 'Beverages'),
(153, 76, 'Lakkaliköri', 'Beverages'),
(154, 77, 'Original Frankfurter Grüne Soße', 'Condiments');

-- --------------------------------------------------------

--
-- Table structure for table `factsales`
--

CREATE TABLE `factsales` (
  `SalesID` int NOT NULL,
  `OrderID` int DEFAULT NULL,
  `DateID` date DEFAULT NULL,
  `CustomerKey` int DEFAULT NULL,
  `EmployeeKey` int DEFAULT NULL,
  `ProductKey` int DEFAULT NULL,
  `Quantity` int DEFAULT NULL,
  `UnitPrice` decimal(10,2) DEFAULT NULL,
  `Discount` decimal(10,2) DEFAULT NULL,
  `TotalAmount` decimal(10,2) DEFAULT NULL
) ENGINE=InnoDB DEFAULT CHARSET=utf8mb4 COLLATE=utf8mb4_0900_ai_ci;

--
-- Dumping data for table `factsales`
--

INSERT INTO `factsales` (`SalesID`, `OrderID`, `DateID`, `CustomerKey`, `EmployeeKey`, `ProductKey`, `Quantity`, `UnitPrice`, `Discount`, `TotalAmount`) VALUES
(1, 10248, '2013-07-04', 85, 5, 11, 12, '14.00', '0.00', '168.00'),
(2, 10248, '2013-07-04', 85, 5, 42, 10, '9.80', '0.00', '90.00'),
(3, 10248, '2013-07-04', 85, 5, 72, 5, '34.80', '0.00', '170.00'),
(4, 10249, '2013-07-05', 79, 6, 14, 9, '18.60', '0.00', '162.00'),
(5, 10249, '2013-07-05', 79, 6, 51, 40, '42.40', '0.00', '1680.00'),
(6, 10250, '2013-07-08', 34, 4, 41, 10, '7.70', '0.00', '70.00'),
(7, 10250, '2013-07-08', 34, 4, 51, 35, '42.40', '0.15', '1249.50'),
(8, 10250, '2013-07-08', 34, 4, 65, 15, '16.80', '0.15', '204.00'),
(9, 10251, '2013-07-08', 84, 3, 22, 6, '16.80', '0.05', '91.20'),
(10, 10251, '2013-07-08', 84, 3, 57, 15, '15.60', '0.05', '213.75'),
(11, 10251, '2013-07-08', 84, 3, 65, 20, '16.80', '0.00', '320.00'),
(12, 10252, '2013-07-09', 76, 4, 20, 40, '64.80', '0.05', '2432.00'),
(13, 10252, '2013-07-09', 76, 4, 33, 25, '2.00', '0.05', '47.50'),
(14, 10252, '2013-07-09', 76, 4, 60, 40, '27.20', '0.00', '1080.00'),
(15, 10253, '2013-07-10', 34, 3, 31, 20, '10.00', '0.00', '200.00'),
(16, 10253, '2013-07-10', 34, 3, 39, 42, '14.40', '0.00', '588.00'),
(17, 10253, '2013-07-10', 34, 3, 49, 40, '16.00', '0.00', '640.00'),
(18, 10254, '2013-07-11', 14, 5, 24, 15, '3.60', '0.15', '38.25'),
(19, 10254, '2013-07-11', 14, 5, 55, 21, '19.20', '0.15', '339.15'),
(20, 10254, '2013-07-11', 14, 5, 74, 21, '8.00', '0.00', '168.00'),
(21, 10255, '2013-07-12', 68, 9, 2, 20, '15.20', '0.00', '300.00'),
(22, 10255, '2013-07-12', 68, 9, 16, 35, '13.90', '0.00', '455.00'),
(23, 10255, '2013-07-12', 68, 9, 36, 25, '15.20', '0.00', '375.00'),
(24, 10255, '2013-07-12', 68, 9, 59, 30, '44.00', '0.00', '1320.00'),
(25, 10256, '2013-07-15', 88, 3, 53, 15, '26.20', '0.00', '390.00'),
(26, 10256, '2013-07-15', 88, 3, 77, 12, '10.40', '0.00', '120.00'),
(27, 10257, '2013-07-16', 35, 4, 27, 25, '35.10', '0.00', '875.00'),
(28, 10257, '2013-07-16', 35, 4, 39, 6, '14.40', '0.00', '84.00'),
(29, 10257, '2013-07-16', 35, 4, 77, 15, '10.40', '0.00', '150.00'),
(30, 10258, '2013-07-17', 20, 1, 2, 50, '15.20', '0.20', '600.00'),
(31, 10258, '2013-07-17', 20, 1, 5, 65, '17.00', '0.20', '884.00'),
(32, 10258, '2013-07-17', 20, 1, 32, 6, '25.60', '0.20', '120.00'),
(33, 10259, '2013-07-18', 13, 4, 21, 10, '8.00', '0.00', '80.00'),
(34, 10259, '2013-07-18', 13, 4, 37, 1, '20.80', '0.00', '20.00'),
(35, 10260, '2013-07-19', 56, 4, 41, 16, '7.70', '0.25', '84.00'),
(36, 10260, '2013-07-19', 56, 4, 57, 50, '15.60', '0.00', '750.00'),
(37, 10260, '2013-07-19', 56, 4, 62, 15, '39.40', '0.25', '438.75'),
(38, 10260, '2013-07-19', 56, 4, 70, 21, '12.00', '0.25', '189.00'),
(39, 10261, '2013-07-19', 61, 4, 21, 20, '8.00', '0.00', '160.00'),
(40, 10261, '2013-07-19', 61, 4, 35, 20, '14.40', '0.00', '280.00'),
(41, 10262, '2013-07-22', 65, 8, 5, 12, '17.00', '0.20', '163.20'),
(42, 10262, '2013-07-22', 65, 8, 7, 15, '24.00', '0.00', '360.00'),
(43, 10262, '2013-07-22', 65, 8, 56, 2, '30.40', '0.00', '60.00'),
(44, 10263, '2013-07-23', 20, 9, 16, 60, '13.90', '0.25', '585.00'),
(45, 10263, '2013-07-23', 20, 9, 24, 28, '3.60', '0.00', '84.00'),
(46, 10263, '2013-07-23', 20, 9, 30, 60, '20.70', '0.25', '900.00'),
(47, 10263, '2013-07-23', 20, 9, 74, 36, '8.00', '0.25', '216.00'),
(48, 10264, '2013-07-24', 24, 6, 2, 35, '15.20', '0.00', '525.00'),
(49, 10264, '2013-07-24', 24, 6, 41, 25, '7.70', '0.15', '148.75'),
(50, 10265, '2013-07-25', 7, 2, 17, 30, '31.20', '0.00', '930.00'),
(51, 10265, '2013-07-25', 7, 2, 70, 20, '12.00', '0.00', '240.00'),
(52, 10266, '2013-07-26', 87, 3, 12, 12, '30.40', '0.05', '342.00'),
(53, 10267, '2013-07-29', 25, 4, 40, 50, '14.70', '0.00', '700.00'),
(54, 10267, '2013-07-29', 25, 4, 59, 70, '44.00', '0.15', '2618.00'),
(55, 10267, '2013-07-29', 25, 4, 76, 15, '14.40', '0.15', '178.50'),
(56, 10268, '2013-07-30', 33, 8, 29, 10, '99.00', '0.00', '990.00'),
(57, 10268, '2013-07-30', 33, 8, 72, 4, '27.80', '0.00', '108.00'),
(58, 10269, '2013-07-31', 89, 5, 33, 60, '2.00', '0.05', '114.00'),
(59, 10269, '2013-07-31', 89, 5, 72, 20, '27.80', '0.05', '513.00'),
(60, 10270, '2013-08-01', 87, 1, 36, 30, '15.20', '0.00', '450.00'),
(61, 10270, '2013-08-01', 87, 1, 43, 25, '36.80', '0.00', '900.00'),
(62, 10271, '2013-08-01', 75, 6, 33, 24, '2.00', '0.00', '48.00'),
(63, 10272, '2013-08-02', 65, 6, 20, 6, '64.80', '0.00', '384.00'),
(64, 10272, '2013-08-02', 65, 6, 31, 40, '10.00', '0.00', '400.00'),
(65, 10272, '2013-08-02', 65, 6, 72, 24, '27.80', '0.00', '648.00'),
(66, 10273, '2013-08-05', 63, 3, 10, 24, '24.80', '0.05', '547.20'),
(67, 10273, '2013-08-05', 63, 3, 31, 15, '10.00', '0.05', '142.50'),
(68, 10273, '2013-08-05', 63, 3, 33, 20, '2.00', '0.00', '40.00'),
(69, 10273, '2013-08-05', 63, 3, 40, 60, '14.70', '0.05', '798.00'),
(70, 10273, '2013-08-05', 63, 3, 76, 33, '14.40', '0.05', '438.90'),
(71, 10274, '2013-08-06', 85, 6, 71, 20, '17.20', '0.00', '340.00'),
(72, 10274, '2013-08-06', 85, 6, 72, 7, '27.80', '0.00', '189.00'),
(73, 10275, '2013-08-07', 49, 1, 24, 12, '3.60', '0.05', '34.20'),
(74, 10275, '2013-08-07', 49, 1, 59, 6, '44.00', '0.05', '250.80'),
(75, 10276, '2013-08-08', 80, 8, 10, 15, '24.80', '0.00', '360.00'),
(76, 10276, '2013-08-08', 80, 8, 13, 10, '4.80', '0.00', '40.00'),
(77, 10277, '2013-08-09', 52, 2, 28, 20, '36.40', '0.00', '720.00'),
(78, 10277, '2013-08-09', 52, 2, 62, 12, '39.40', '0.00', '468.00'),
(79, 10278, '2013-08-12', 5, 8, 44, 16, '15.50', '0.00', '240.00'),
(80, 10278, '2013-08-12', 5, 8, 59, 15, '44.00', '0.00', '660.00'),
(81, 10278, '2013-08-12', 5, 8, 63, 8, '35.10', '0.00', '280.00'),
(82, 10278, '2013-08-12', 5, 8, 73, 25, '12.00', '0.00', '300.00'),
(83, 10279, '2013-08-13', 44, 8, 17, 15, '31.20', '0.25', '348.75'),
(84, 10280, '2013-08-14', 5, 2, 24, 12, '3.60', '0.00', '36.00'),
(85, 10280, '2013-08-14', 5, 2, 55, 20, '19.20', '0.00', '380.00'),
(86, 10280, '2013-08-14', 5, 2, 75, 30, '6.20', '0.00', '180.00'),
(87, 10281, '2013-08-14', 69, 4, 19, 1, '7.30', '0.00', '7.00'),
(88, 10281, '2013-08-14', 69, 4, 24, 6, '3.60', '0.00', '18.00'),
(89, 10281, '2013-08-14', 69, 4, 35, 4, '14.40', '0.00', '56.00'),
(90, 10282, '2013-08-15', 69, 4, 30, 6, '20.70', '0.00', '120.00'),
(91, 10282, '2013-08-15', 69, 4, 57, 2, '15.60', '0.00', '30.00'),
(92, 10283, '2013-08-16', 46, 3, 15, 20, '12.40', '0.00', '240.00'),
(93, 10283, '2013-08-16', 46, 3, 19, 18, '7.30', '0.00', '126.00'),
(94, 10283, '2013-08-16', 46, 3, 60, 35, '27.20', '0.00', '945.00'),
(95, 10283, '2013-08-16', 46, 3, 72, 3, '27.80', '0.00', '81.00'),
(96, 10284, '2013-08-19', 44, 4, 27, 15, '35.10', '0.25', '393.75'),
(97, 10284, '2013-08-19', 44, 4, 44, 21, '15.50', '0.00', '315.00'),
(98, 10284, '2013-08-19', 44, 4, 60, 20, '27.20', '0.25', '405.00'),
(99, 10284, '2013-08-19', 44, 4, 67, 5, '11.20', '0.25', '41.25'),
(100, 10285, '2013-08-20', 63, 1, 1, 45, '14.40', '0.20', '504.00'),
(101, 10285, '2013-08-20', 63, 1, 40, 40, '14.70', '0.20', '448.00'),
(102, 10285, '2013-08-20', 63, 1, 53, 36, '26.20', '0.20', '748.80'),
(103, 10286, '2013-08-21', 63, 8, 35, 100, '14.40', '0.00', '1400.00'),
(104, 10286, '2013-08-21', 63, 8, 62, 40, '39.40', '0.00', '1560.00'),
(105, 10287, '2013-08-22', 67, 8, 16, 40, '13.90', '0.15', '442.00'),
(106, 10287, '2013-08-22', 67, 8, 34, 20, '11.20', '0.00', '220.00'),
(107, 10287, '2013-08-22', 67, 8, 46, 15, '9.60', '0.15', '114.75'),
(108, 10288, '2013-08-23', 66, 4, 54, 10, '5.90', '0.10', '45.00'),
(109, 10288, '2013-08-23', 66, 4, 68, 3, '10.00', '0.10', '27.00'),
(110, 10289, '2013-08-26', 11, 7, 3, 30, '8.00', '0.00', '240.00'),
(111, 10289, '2013-08-26', 11, 7, 64, 9, '26.60', '0.00', '234.00'),
(112, 10290, '2013-08-27', 15, 8, 5, 20, '17.00', '0.00', '340.00'),
(113, 10290, '2013-08-27', 15, 8, 29, 15, '99.00', '0.00', '1485.00'),
(114, 10290, '2013-08-27', 15, 8, 49, 15, '16.00', '0.00', '240.00'),
(115, 10290, '2013-08-27', 15, 8, 77, 10, '10.40', '0.00', '100.00'),
(116, 10291, '2013-08-27', 61, 6, 13, 20, '4.80', '0.10', '72.00'),
(117, 10291, '2013-08-27', 61, 6, 44, 24, '15.50', '0.10', '324.00'),
(118, 10291, '2013-08-27', 61, 6, 51, 2, '42.40', '0.10', '75.60'),
(119, 10292, '2013-08-28', 81, 1, 20, 20, '64.80', '0.00', '1280.00'),
(120, 10293, '2013-08-29', 80, 1, 18, 12, '50.00', '0.00', '600.00'),
(121, 10293, '2013-08-29', 80, 1, 24, 10, '3.60', '0.00', '30.00'),
(122, 10293, '2013-08-29', 80, 1, 63, 5, '35.10', '0.00', '175.00'),
(123, 10293, '2013-08-29', 80, 1, 75, 6, '6.20', '0.00', '36.00'),
(124, 10294, '2013-08-30', 65, 4, 1, 18, '14.40', '0.00', '252.00'),
(125, 10294, '2013-08-30', 65, 4, 17, 15, '31.20', '0.00', '465.00'),
(126, 10294, '2013-08-30', 65, 4, 43, 15, '36.80', '0.00', '540.00'),
(127, 10294, '2013-08-30', 65, 4, 60, 21, '27.20', '0.00', '567.00'),
(128, 10294, '2013-08-30', 65, 4, 75, 6, '6.20', '0.00', '36.00'),
(129, 10295, '2013-09-02', 85, 2, 56, 4, '30.40', '0.00', '120.00'),
(130, 10296, '2013-09-03', 46, 6, 11, 12, '16.80', '0.00', '192.00'),
(131, 10296, '2013-09-03', 46, 6, 16, 30, '13.90', '0.00', '390.00'),
(132, 10296, '2013-09-03', 46, 6, 69, 15, '28.80', '0.00', '420.00'),
(133, 10297, '2013-09-04', 7, 5, 39, 60, '14.40', '0.00', '840.00'),
(134, 10297, '2013-09-04', 7, 5, 72, 20, '27.80', '0.00', '540.00'),
(135, 10298, '2013-09-05', 37, 6, 2, 40, '15.20', '0.00', '600.00'),
(136, 10298, '2013-09-05', 37, 6, 36, 40, '15.20', '0.25', '450.00'),
(137, 10298, '2013-09-05', 37, 6, 59, 30, '44.00', '0.25', '990.00'),
(138, 10298, '2013-09-05', 37, 6, 62, 15, '39.40', '0.00', '585.00'),
(139, 10299, '2013-09-06', 67, 4, 19, 15, '7.30', '0.00', '105.00'),
(140, 10299, '2013-09-06', 67, 4, 70, 20, '12.00', '0.00', '240.00'),
(141, 10300, '2013-09-09', 49, 2, 66, 30, '13.60', '0.00', '390.00'),
(142, 10300, '2013-09-09', 49, 2, 68, 20, '10.00', '0.00', '200.00'),
(143, 10301, '2013-09-09', 86, 8, 40, 10, '14.70', '0.00', '140.00'),
(144, 10301, '2013-09-09', 86, 8, 56, 20, '30.40', '0.00', '600.00'),
(145, 10302, '2013-09-10', 76, 4, 17, 40, '31.20', '0.00', '1240.00'),
(146, 10302, '2013-09-10', 76, 4, 28, 28, '36.40', '0.00', '1008.00'),
(147, 10302, '2013-09-10', 76, 4, 43, 12, '36.80', '0.00', '432.00'),
(148, 10303, '2013-09-11', 30, 7, 40, 40, '14.70', '0.10', '504.00'),
(149, 10303, '2013-09-11', 30, 7, 65, 30, '16.80', '0.10', '432.00'),
(150, 10303, '2013-09-11', 30, 7, 68, 15, '10.00', '0.10', '135.00'),
(151, 10304, '2013-09-12', 80, 1, 49, 30, '16.00', '0.00', '480.00'),
(152, 10304, '2013-09-12', 80, 1, 59, 10, '44.00', '0.00', '440.00'),
(153, 10304, '2013-09-12', 80, 1, 71, 2, '17.20', '0.00', '34.00'),
(154, 10305, '2013-09-13', 55, 8, 18, 25, '50.00', '0.10', '1125.00'),
(155, 10305, '2013-09-13', 55, 8, 29, 25, '99.00', '0.10', '2227.50'),
(156, 10305, '2013-09-13', 55, 8, 39, 30, '14.40', '0.10', '378.00'),
(157, 10306, '2013-09-16', 69, 1, 30, 10, '20.70', '0.00', '200.00'),
(158, 10306, '2013-09-16', 69, 1, 53, 10, '26.20', '0.00', '260.00'),
(159, 10306, '2013-09-16', 69, 1, 54, 5, '5.90', '0.00', '25.00'),
(160, 10307, '2013-09-17', 48, 2, 62, 10, '39.40', '0.00', '390.00'),
(161, 10307, '2013-09-17', 48, 2, 68, 3, '10.00', '0.00', '30.00'),
(162, 10308, '2013-09-18', 2, 7, 69, 1, '28.80', '0.00', '28.00'),
(163, 10308, '2013-09-18', 2, 7, 70, 5, '12.00', '0.00', '60.00'),
(164, 10309, '2013-09-19', 37, 3, 4, 20, '17.60', '0.00', '340.00'),
(165, 10309, '2013-09-19', 37, 3, 6, 30, '20.00', '0.00', '600.00'),
(166, 10309, '2013-09-19', 37, 3, 42, 2, '11.20', '0.00', '22.00'),
(167, 10309, '2013-09-19', 37, 3, 43, 20, '36.80', '0.00', '720.00'),
(168, 10309, '2013-09-19', 37, 3, 71, 3, '17.20', '0.00', '51.00'),
(169, 10310, '2013-09-20', 77, 8, 16, 10, '13.90', '0.00', '130.00'),
(170, 10310, '2013-09-20', 77, 8, 62, 5, '39.40', '0.00', '195.00'),
(171, 10311, '2013-09-20', 18, 1, 42, 6, '11.20', '0.00', '66.00'),
(172, 10311, '2013-09-20', 18, 1, 69, 7, '28.80', '0.00', '196.00'),
(173, 10312, '2013-09-23', 86, 2, 28, 4, '36.40', '0.00', '144.00'),
(174, 10312, '2013-09-23', 86, 2, 43, 24, '36.80', '0.00', '864.00'),
(175, 10312, '2013-09-23', 86, 2, 53, 20, '26.20', '0.00', '520.00'),
(176, 10312, '2013-09-23', 86, 2, 75, 10, '6.20', '0.00', '60.00'),
(177, 10313, '2013-09-24', 63, 2, 36, 12, '15.20', '0.00', '180.00'),
(178, 10314, '2013-09-25', 65, 1, 32, 40, '25.60', '0.10', '900.00'),
(179, 10314, '2013-09-25', 65, 1, 58, 30, '10.60', '0.10', '270.00'),
(180, 10314, '2013-09-25', 65, 1, 62, 25, '39.40', '0.10', '877.50'),
(181, 10315, '2013-09-26', 38, 4, 34, 14, '11.20', '0.00', '154.00'),
(182, 10315, '2013-09-26', 38, 4, 70, 30, '12.00', '0.00', '360.00'),
(183, 10316, '2013-09-27', 65, 1, 41, 10, '7.70', '0.00', '70.00'),
(184, 10316, '2013-09-27', 65, 1, 62, 70, '39.40', '0.00', '2730.00'),
(185, 10317, '2013-09-30', 48, 6, 1, 20, '14.40', '0.00', '280.00'),
(186, 10318, '2013-10-01', 38, 8, 41, 20, '7.70', '0.00', '140.00'),
(187, 10318, '2013-10-01', 38, 8, 76, 6, '14.40', '0.00', '84.00'),
(188, 10319, '2013-10-02', 80, 7, 17, 8, '31.20', '0.00', '248.00'),
(189, 10319, '2013-10-02', 80, 7, 28, 14, '36.40', '0.00', '504.00'),
(190, 10319, '2013-10-02', 80, 7, 76, 30, '14.40', '0.00', '420.00'),
(191, 10320, '2013-10-03', 87, 5, 71, 30, '17.20', '0.00', '510.00'),
(192, 10321, '2013-10-03', 38, 3, 35, 10, '14.40', '0.00', '140.00'),
(193, 10322, '2013-10-04', 58, 7, 52, 20, '5.60', '0.00', '100.00'),
(194, 10323, '2013-10-07', 39, 4, 15, 5, '12.40', '0.00', '60.00'),
(195, 10323, '2013-10-07', 39, 4, 25, 4, '11.20', '0.00', '44.00'),
(196, 10323, '2013-10-07', 39, 4, 39, 4, '14.40', '0.00', '56.00'),
(197, 10324, '2013-10-08', 71, 9, 16, 21, '13.90', '0.15', '232.05'),
(198, 10324, '2013-10-08', 71, 9, 35, 70, '14.40', '0.15', '833.00'),
(199, 10324, '2013-10-08', 71, 9, 46, 30, '9.60', '0.00', '270.00'),
(200, 10324, '2013-10-08', 71, 9, 59, 40, '44.00', '0.15', '1496.00'),
(201, 10324, '2013-10-08', 71, 9, 63, 80, '35.10', '0.15', '2380.00'),
(202, 10325, '2013-10-09', 39, 1, 6, 6, '20.00', '0.00', '120.00'),
(203, 10325, '2013-10-09', 39, 1, 13, 12, '4.80', '0.00', '48.00'),
(204, 10325, '2013-10-09', 39, 1, 14, 9, '18.60', '0.00', '162.00'),
(205, 10325, '2013-10-09', 39, 1, 31, 4, '10.00', '0.00', '40.00'),
(206, 10325, '2013-10-09', 39, 1, 72, 40, '27.80', '0.00', '1080.00'),
(207, 10326, '2013-10-10', 8, 4, 4, 24, '17.60', '0.00', '408.00'),
(208, 10326, '2013-10-10', 8, 4, 57, 16, '15.60', '0.00', '240.00'),
(209, 10326, '2013-10-10', 8, 4, 75, 50, '6.20', '0.00', '300.00'),
(210, 10327, '2013-10-11', 24, 2, 2, 25, '15.20', '0.20', '300.00'),
(211, 10327, '2013-10-11', 24, 2, 11, 50, '16.80', '0.20', '640.00'),
(212, 10327, '2013-10-11', 24, 2, 30, 35, '20.70', '0.20', '560.00'),
(213, 10327, '2013-10-11', 24, 2, 58, 30, '10.60', '0.20', '240.00'),
(214, 10328, '2013-10-14', 28, 4, 59, 9, '44.00', '0.00', '396.00'),
(215, 10328, '2013-10-14', 28, 4, 65, 40, '16.80', '0.00', '640.00'),
(216, 10328, '2013-10-14', 28, 4, 68, 10, '10.00', '0.00', '100.00'),
(217, 10329, '2013-10-15', 75, 4, 19, 10, '7.30', '0.05', '66.50'),
(218, 10329, '2013-10-15', 75, 4, 30, 8, '20.70', '0.05', '152.00'),
(219, 10329, '2013-10-15', 75, 4, 38, 20, '210.80', '0.05', '3990.00'),
(220, 10329, '2013-10-15', 75, 4, 56, 12, '30.40', '0.05', '342.00'),
(221, 10330, '2013-10-16', 46, 3, 26, 50, '24.90', '0.15', '1020.00'),
(222, 10330, '2013-10-16', 46, 3, 72, 25, '27.80', '0.15', '573.75'),
(223, 10331, '2013-10-16', 9, 9, 54, 15, '5.90', '0.00', '75.00'),
(224, 10332, '2013-10-17', 51, 3, 18, 40, '50.00', '0.20', '1600.00'),
(225, 10332, '2013-10-17', 51, 3, 42, 10, '11.20', '0.20', '88.00'),
(226, 10332, '2013-10-17', 51, 3, 47, 16, '7.60', '0.20', '89.60'),
(227, 10333, '2013-10-18', 87, 5, 14, 10, '18.60', '0.00', '180.00'),
(228, 10333, '2013-10-18', 87, 5, 21, 10, '8.00', '0.10', '72.00'),
(229, 10333, '2013-10-18', 87, 5, 71, 40, '17.20', '0.10', '612.00'),
(230, 10334, '2013-10-21', 84, 8, 52, 8, '5.60', '0.00', '40.00'),
(231, 10334, '2013-10-21', 84, 8, 68, 10, '10.00', '0.00', '100.00'),
(232, 10335, '2013-10-22', 37, 7, 2, 7, '15.20', '0.20', '84.00'),
(233, 10335, '2013-10-22', 37, 7, 31, 25, '10.00', '0.20', '200.00'),
(234, 10335, '2013-10-22', 37, 7, 32, 6, '25.60', '0.20', '120.00'),
(235, 10335, '2013-10-22', 37, 7, 51, 48, '42.40', '0.20', '1612.80'),
(236, 10336, '2013-10-23', 60, 7, 4, 18, '17.60', '0.10', '275.40'),
(237, 10337, '2013-10-24', 25, 4, 23, 40, '7.20', '0.00', '280.00'),
(238, 10337, '2013-10-24', 25, 4, 26, 24, '24.90', '0.00', '576.00'),
(239, 10337, '2013-10-24', 25, 4, 36, 20, '15.20', '0.00', '300.00'),
(240, 10337, '2013-10-24', 25, 4, 37, 28, '20.80', '0.00', '560.00'),
(241, 10337, '2013-10-24', 25, 4, 72, 25, '27.80', '0.00', '675.00'),
(242, 10338, '2013-10-25', 55, 4, 17, 20, '31.20', '0.00', '620.00'),
(243, 10338, '2013-10-25', 55, 4, 30, 15, '20.70', '0.00', '300.00'),
(244, 10339, '2013-10-28', 51, 2, 4, 10, '17.60', '0.00', '170.00'),
(245, 10339, '2013-10-28', 51, 2, 17, 70, '31.20', '0.05', '2061.50'),
(246, 10339, '2013-10-28', 51, 2, 62, 28, '39.40', '0.00', '1092.00'),
(247, 10340, '2013-10-29', 9, 1, 18, 20, '50.00', '0.05', '950.00'),
(248, 10340, '2013-10-29', 9, 1, 41, 12, '7.70', '0.05', '79.80'),
(249, 10340, '2013-10-29', 9, 1, 43, 40, '36.80', '0.05', '1368.00'),
(250, 10341, '2013-10-29', 73, 7, 33, 8, '2.00', '0.00', '16.00'),
(251, 10341, '2013-10-29', 73, 7, 59, 9, '44.00', '0.15', '336.60'),
(252, 10342, '2013-10-30', 25, 4, 2, 24, '15.20', '0.20', '288.00'),
(253, 10342, '2013-10-30', 25, 4, 31, 56, '10.00', '0.20', '448.00'),
(254, 10342, '2013-10-30', 25, 4, 36, 40, '15.20', '0.20', '480.00'),
(255, 10342, '2013-10-30', 25, 4, 55, 40, '19.20', '0.20', '608.00'),
(256, 10343, '2013-10-31', 44, 4, 64, 50, '26.60', '0.00', '1300.00'),
(257, 10343, '2013-10-31', 44, 4, 68, 4, '10.00', '0.05', '38.00'),
(258, 10343, '2013-10-31', 44, 4, 76, 15, '14.40', '0.00', '210.00'),
(259, 10344, '2013-11-01', 89, 4, 4, 35, '17.60', '0.00', '595.00'),
(260, 10344, '2013-11-01', 89, 4, 8, 70, '32.00', '0.25', '1680.00'),
(261, 10345, '2013-11-04', 63, 2, 8, 70, '32.00', '0.00', '2240.00'),
(262, 10345, '2013-11-04', 63, 2, 19, 80, '7.30', '0.00', '560.00'),
(263, 10345, '2013-11-04', 63, 2, 42, 9, '11.20', '0.00', '99.00'),
(264, 10346, '2013-11-05', 65, 3, 17, 36, '31.20', '0.10', '1004.40'),
(265, 10346, '2013-11-05', 65, 3, 56, 20, '30.40', '0.00', '600.00'),
(266, 10347, '2013-11-06', 21, 4, 25, 10, '11.20', '0.00', '110.00'),
(267, 10347, '2013-11-06', 21, 4, 39, 50, '14.40', '0.15', '595.00'),
(268, 10347, '2013-11-06', 21, 4, 40, 4, '14.70', '0.00', '56.00'),
(269, 10347, '2013-11-06', 21, 4, 75, 6, '6.20', '0.15', '30.60'),
(270, 10348, '2013-11-07', 86, 4, 1, 15, '14.40', '0.15', '178.50'),
(271, 10348, '2013-11-07', 86, 4, 23, 25, '7.20', '0.00', '175.00'),
(272, 10349, '2013-11-08', 75, 7, 54, 24, '5.90', '0.00', '120.00'),
(273, 10350, '2013-11-11', 41, 6, 50, 15, '13.00', '0.10', '175.50'),
(274, 10350, '2013-11-11', 41, 6, 69, 18, '28.80', '0.10', '453.60'),
(275, 10351, '2013-11-11', 20, 1, 38, 20, '210.80', '0.05', '3990.00'),
(276, 10351, '2013-11-11', 20, 1, 41, 13, '7.70', '0.00', '91.00'),
(277, 10351, '2013-11-11', 20, 1, 44, 77, '15.50', '0.05', '1097.25'),
(278, 10351, '2013-11-11', 20, 1, 65, 10, '16.80', '0.05', '152.00'),
(279, 10352, '2013-11-12', 28, 3, 24, 10, '3.60', '0.00', '30.00'),
(280, 10352, '2013-11-12', 28, 3, 54, 20, '5.90', '0.15', '85.00'),
(281, 10353, '2013-11-13', 59, 7, 11, 12, '16.80', '0.20', '153.60'),
(282, 10353, '2013-11-13', 59, 7, 38, 50, '210.80', '0.20', '8400.00'),
(283, 10354, '2013-11-14', 58, 8, 1, 12, '14.40', '0.00', '168.00'),
(284, 10354, '2013-11-14', 58, 8, 29, 4, '99.00', '0.00', '396.00'),
(285, 10355, '2013-11-15', 4, 6, 24, 25, '3.60', '0.00', '75.00'),
(286, 10355, '2013-11-15', 4, 6, 57, 25, '15.60', '0.00', '375.00'),
(287, 10356, '2013-11-18', 86, 6, 31, 30, '10.00', '0.00', '300.00'),
(288, 10356, '2013-11-18', 86, 6, 55, 12, '19.20', '0.00', '228.00'),
(289, 10356, '2013-11-18', 86, 6, 69, 20, '28.80', '0.00', '560.00'),
(290, 10357, '2013-11-19', 46, 1, 10, 30, '24.80', '0.20', '576.00'),
(291, 10357, '2013-11-19', 46, 1, 26, 16, '24.90', '0.00', '384.00'),
(292, 10357, '2013-11-19', 46, 1, 60, 8, '27.20', '0.20', '172.80'),
(293, 10358, '2013-11-20', 41, 5, 24, 10, '3.60', '0.05', '28.50'),
(294, 10358, '2013-11-20', 41, 5, 34, 10, '11.20', '0.05', '104.50'),
(295, 10358, '2013-11-20', 41, 5, 36, 20, '15.20', '0.05', '285.00'),
(296, 10359, '2013-11-21', 72, 5, 16, 56, '13.90', '0.05', '691.60'),
(297, 10359, '2013-11-21', 72, 5, 31, 70, '10.00', '0.05', '665.00'),
(298, 10359, '2013-11-21', 72, 5, 60, 80, '27.20', '0.05', '2052.00'),
(299, 10360, '2013-11-22', 7, 4, 28, 30, '36.40', '0.00', '1080.00'),
(300, 10360, '2013-11-22', 7, 4, 29, 35, '99.00', '0.00', '3465.00'),
(301, 10360, '2013-11-22', 7, 4, 38, 10, '210.80', '0.00', '2100.00'),
(302, 10360, '2013-11-22', 7, 4, 49, 35, '16.00', '0.00', '560.00'),
(303, 10360, '2013-11-22', 7, 4, 54, 28, '5.90', '0.00', '140.00'),
(304, 10361, '2013-11-22', 63, 1, 39, 54, '14.40', '0.10', '680.40'),
(305, 10361, '2013-11-22', 63, 1, 60, 55, '27.20', '0.10', '1336.50'),
(306, 10362, '2013-11-25', 9, 3, 25, 50, '11.20', '0.00', '550.00'),
(307, 10362, '2013-11-25', 9, 3, 51, 20, '42.40', '0.00', '840.00'),
(308, 10362, '2013-11-25', 9, 3, 54, 24, '5.90', '0.00', '120.00'),
(309, 10363, '2013-11-26', 17, 4, 31, 20, '10.00', '0.00', '200.00'),
(310, 10363, '2013-11-26', 17, 4, 75, 12, '6.20', '0.00', '72.00'),
(311, 10363, '2013-11-26', 17, 4, 76, 12, '14.40', '0.00', '168.00'),
(312, 10364, '2013-11-26', 19, 1, 69, 30, '28.80', '0.00', '840.00'),
(313, 10364, '2013-11-26', 19, 1, 71, 5, '17.20', '0.00', '85.00'),
(314, 10365, '2013-11-27', 3, 3, 11, 24, '16.80', '0.00', '384.00'),
(315, 10366, '2013-11-28', 29, 8, 65, 5, '16.80', '0.00', '80.00'),
(316, 10366, '2013-11-28', 29, 8, 77, 5, '10.40', '0.00', '50.00'),
(317, 10367, '2013-11-28', 83, 7, 34, 36, '11.20', '0.00', '396.00'),
(318, 10367, '2013-11-28', 83, 7, 54, 18, '5.90', '0.00', '90.00'),
(319, 10367, '2013-11-28', 83, 7, 65, 15, '16.80', '0.00', '240.00'),
(320, 10367, '2013-11-28', 83, 7, 77, 7, '10.40', '0.00', '70.00'),
(321, 10368, '2013-11-29', 20, 2, 21, 5, '8.00', '0.10', '36.00'),
(322, 10368, '2013-11-29', 20, 2, 28, 13, '36.40', '0.10', '421.20'),
(323, 10368, '2013-11-29', 20, 2, 57, 25, '15.60', '0.00', '375.00'),
(324, 10368, '2013-11-29', 20, 2, 64, 35, '26.60', '0.10', '819.00'),
(325, 10369, '2013-12-02', 75, 8, 29, 20, '99.00', '0.00', '1980.00'),
(326, 10369, '2013-12-02', 75, 8, 56, 18, '30.40', '0.25', '405.00'),
(327, 10370, '2013-12-03', 14, 6, 1, 15, '14.40', '0.15', '178.50'),
(328, 10370, '2013-12-03', 14, 6, 64, 30, '26.60', '0.00', '780.00'),
(329, 10370, '2013-12-03', 14, 6, 74, 20, '8.00', '0.15', '136.00'),
(330, 10371, '2013-12-03', 41, 1, 36, 6, '15.20', '0.20', '72.00'),
(331, 10372, '2013-12-04', 62, 5, 20, 12, '64.80', '0.25', '576.00'),
(332, 10372, '2013-12-04', 62, 5, 38, 40, '210.80', '0.25', '6300.00'),
(333, 10372, '2013-12-04', 62, 5, 60, 70, '27.20', '0.25', '1417.50'),
(334, 10372, '2013-12-04', 62, 5, 72, 42, '27.80', '0.25', '850.50'),
(335, 10373, '2013-12-05', 37, 4, 58, 80, '10.60', '0.20', '640.00'),
(336, 10373, '2013-12-05', 37, 4, 71, 50, '17.20', '0.20', '680.00'),
(337, 10374, '2013-12-05', 91, 1, 31, 30, '10.00', '0.00', '300.00'),
(338, 10374, '2013-12-05', 91, 1, 58, 15, '10.60', '0.00', '150.00'),
(339, 10375, '2013-12-06', 36, 3, 14, 15, '18.60', '0.00', '270.00'),
(340, 10375, '2013-12-06', 36, 3, 54, 10, '5.90', '0.00', '50.00'),
(341, 10376, '2013-12-09', 51, 1, 31, 42, '10.00', '0.05', '399.00'),
(342, 10377, '2013-12-09', 72, 1, 28, 20, '36.40', '0.15', '612.00'),
(343, 10377, '2013-12-09', 72, 1, 39, 20, '14.40', '0.15', '238.00'),
(344, 10378, '2013-12-10', 24, 5, 71, 6, '17.20', '0.00', '102.00'),
(345, 10379, '2013-12-11', 61, 2, 41, 8, '7.70', '0.10', '50.40'),
(346, 10379, '2013-12-11', 61, 2, 63, 16, '35.10', '0.10', '504.00'),
(347, 10379, '2013-12-11', 61, 2, 65, 20, '16.80', '0.10', '288.00'),
(348, 10380, '2013-12-12', 37, 8, 30, 18, '20.70', '0.10', '324.00'),
(349, 10380, '2013-12-12', 37, 8, 53, 20, '26.20', '0.10', '468.00'),
(350, 10380, '2013-12-12', 37, 8, 60, 6, '27.20', '0.10', '145.80'),
(351, 10380, '2013-12-12', 37, 8, 70, 30, '12.00', '0.00', '360.00'),
(352, 10381, '2013-12-12', 46, 3, 74, 14, '8.00', '0.00', '112.00'),
(353, 10382, '2013-12-13', 20, 4, 5, 32, '17.00', '0.00', '544.00'),
(354, 10382, '2013-12-13', 20, 4, 18, 9, '50.00', '0.00', '450.00'),
(355, 10382, '2013-12-13', 20, 4, 29, 14, '99.00', '0.00', '1386.00'),
(356, 10382, '2013-12-13', 20, 4, 33, 60, '2.00', '0.00', '120.00'),
(357, 10382, '2013-12-13', 20, 4, 74, 50, '8.00', '0.00', '400.00'),
(358, 10383, '2013-12-16', 4, 8, 13, 20, '4.80', '0.00', '80.00'),
(359, 10383, '2013-12-16', 4, 8, 50, 15, '13.00', '0.00', '195.00'),
(360, 10383, '2013-12-16', 4, 8, 56, 20, '30.40', '0.00', '600.00'),
(361, 10384, '2013-12-16', 5, 3, 20, 28, '64.80', '0.00', '1792.00'),
(362, 10384, '2013-12-16', 5, 3, 60, 15, '27.20', '0.00', '405.00'),
(363, 10385, '2013-12-17', 75, 1, 7, 10, '24.00', '0.20', '192.00'),
(364, 10385, '2013-12-17', 75, 1, 60, 20, '27.20', '0.20', '432.00'),
(365, 10385, '2013-12-17', 75, 1, 68, 8, '10.00', '0.20', '64.00'),
(366, 10386, '2013-12-18', 21, 9, 24, 15, '3.60', '0.00', '45.00'),
(367, 10386, '2013-12-18', 21, 9, 34, 10, '11.20', '0.00', '110.00'),
(368, 10387, '2013-12-18', 70, 1, 24, 15, '3.60', '0.00', '45.00'),
(369, 10387, '2013-12-18', 70, 1, 28, 6, '36.40', '0.00', '216.00'),
(370, 10387, '2013-12-18', 70, 1, 59, 12, '44.00', '0.00', '528.00'),
(371, 10387, '2013-12-18', 70, 1, 71, 15, '17.20', '0.00', '255.00'),
(372, 10388, '2013-12-19', 72, 2, 45, 15, '7.60', '0.20', '84.00'),
(373, 10388, '2013-12-19', 72, 2, 52, 20, '5.60', '0.20', '80.00'),
(374, 10388, '2013-12-19', 72, 2, 53, 40, '26.20', '0.00', '1040.00'),
(375, 10389, '2013-12-20', 10, 4, 10, 16, '24.80', '0.00', '384.00'),
(376, 10389, '2013-12-20', 10, 4, 55, 15, '19.20', '0.00', '285.00'),
(377, 10389, '2013-12-20', 10, 4, 62, 20, '39.40', '0.00', '780.00'),
(378, 10389, '2013-12-20', 10, 4, 70, 30, '12.00', '0.00', '360.00'),
(379, 10390, '2013-12-23', 20, 6, 31, 60, '10.00', '0.10', '540.00'),
(380, 10390, '2013-12-23', 20, 6, 35, 40, '14.40', '0.10', '504.00'),
(381, 10390, '2013-12-23', 20, 6, 46, 45, '9.60', '0.00', '405.00'),
(382, 10390, '2013-12-23', 20, 6, 72, 24, '27.80', '0.10', '583.20'),
(383, 10391, '2013-12-23', 17, 3, 13, 18, '4.80', '0.00', '72.00'),
(384, 10392, '2013-12-24', 59, 2, 69, 50, '28.80', '0.00', '1400.00'),
(385, 10393, '2013-12-25', 71, 1, 2, 25, '15.20', '0.25', '281.25'),
(386, 10393, '2013-12-25', 71, 1, 14, 42, '18.60', '0.25', '567.00'),
(387, 10393, '2013-12-25', 71, 1, 25, 7, '11.20', '0.25', '57.75'),
(388, 10393, '2013-12-25', 71, 1, 26, 70, '24.90', '0.25', '1260.00'),
(389, 10393, '2013-12-25', 71, 1, 31, 32, '10.00', '0.00', '320.00'),
(390, 10394, '2013-12-25', 36, 1, 13, 10, '4.80', '0.00', '40.00'),
(391, 10394, '2013-12-25', 36, 1, 62, 10, '39.40', '0.00', '390.00'),
(392, 10395, '2013-12-26', 35, 6, 46, 28, '9.60', '0.10', '226.80'),
(393, 10395, '2013-12-26', 35, 6, 53, 70, '26.20', '0.10', '1638.00'),
(394, 10395, '2013-12-26', 35, 6, 69, 8, '28.80', '0.00', '224.00'),
(395, 10396, '2013-12-27', 25, 1, 23, 40, '7.20', '0.00', '280.00'),
(396, 10396, '2013-12-27', 25, 1, 71, 60, '17.20', '0.00', '1020.00'),
(397, 10396, '2013-12-27', 25, 1, 72, 21, '27.80', '0.00', '567.00'),
(398, 10397, '2013-12-27', 60, 5, 21, 10, '8.00', '0.15', '68.00'),
(399, 10397, '2013-12-27', 60, 5, 51, 18, '42.40', '0.15', '642.60'),
(400, 10398, '2013-12-30', 71, 2, 35, 30, '14.40', '0.00', '420.00'),
(401, 10398, '2013-12-30', 71, 2, 55, 120, '19.20', '0.10', '2052.00'),
(402, 10399, '2013-12-31', 83, 8, 68, 60, '10.00', '0.00', '600.00'),
(403, 10399, '2013-12-31', 83, 8, 71, 30, '17.20', '0.00', '510.00'),
(404, 10399, '2013-12-31', 83, 8, 76, 35, '14.40', '0.00', '490.00'),
(405, 10399, '2013-12-31', 83, 8, 77, 14, '10.40', '0.00', '140.00'),
(406, 10400, '2014-01-01', 19, 1, 29, 21, '99.00', '0.00', '2079.00'),
(407, 10400, '2014-01-01', 19, 1, 35, 35, '14.40', '0.00', '490.00'),
(408, 10400, '2014-01-01', 19, 1, 49, 30, '16.00', '0.00', '480.00'),
(409, 10401, '2014-01-01', 65, 1, 30, 18, '20.70', '0.00', '360.00'),
(410, 10401, '2014-01-01', 65, 1, 56, 70, '30.40', '0.00', '2100.00'),
(411, 10401, '2014-01-01', 65, 1, 65, 20, '16.80', '0.00', '320.00'),
(412, 10401, '2014-01-01', 65, 1, 71, 60, '17.20', '0.00', '1020.00'),
(413, 10402, '2014-01-02', 20, 8, 23, 60, '7.20', '0.00', '420.00'),
(414, 10402, '2014-01-02', 20, 8, 63, 65, '35.10', '0.00', '2275.00'),
(415, 10403, '2014-01-03', 20, 4, 16, 21, '13.90', '0.15', '232.05'),
(416, 10403, '2014-01-03', 20, 4, 48, 70, '10.20', '0.15', '595.00'),
(417, 10404, '2014-01-03', 49, 2, 26, 30, '24.90', '0.05', '684.00'),
(418, 10404, '2014-01-03', 49, 2, 42, 40, '11.20', '0.05', '418.00'),
(419, 10404, '2014-01-03', 49, 2, 49, 30, '16.00', '0.05', '456.00'),
(420, 10405, '2014-01-06', 47, 1, 3, 50, '8.00', '0.00', '400.00'),
(421, 10406, '2014-01-07', 62, 7, 1, 10, '14.40', '0.00', '140.00'),
(422, 10406, '2014-01-07', 62, 7, 21, 30, '8.00', '0.10', '216.00'),
(423, 10406, '2014-01-07', 62, 7, 28, 42, '36.40', '0.10', '1360.80'),
(424, 10406, '2014-01-07', 62, 7, 36, 5, '15.20', '0.10', '67.50'),
(425, 10406, '2014-01-07', 62, 7, 40, 2, '14.70', '0.10', '25.20'),
(426, 10407, '2014-01-07', 56, 2, 11, 30, '16.80', '0.00', '480.00'),
(427, 10407, '2014-01-07', 56, 2, 69, 15, '28.80', '0.00', '420.00'),
(428, 10407, '2014-01-07', 56, 2, 71, 15, '17.20', '0.00', '255.00'),
(429, 10408, '2014-01-08', 23, 8, 37, 10, '20.80', '0.00', '200.00'),
(430, 10408, '2014-01-08', 23, 8, 54, 6, '5.90', '0.00', '30.00'),
(431, 10408, '2014-01-08', 23, 8, 62, 35, '39.40', '0.00', '1365.00'),
(432, 10409, '2014-01-09', 54, 3, 14, 12, '18.60', '0.00', '216.00'),
(433, 10409, '2014-01-09', 54, 3, 21, 12, '8.00', '0.00', '96.00'),
(434, 10410, '2014-01-10', 10, 3, 33, 49, '2.00', '0.00', '98.00'),
(435, 10410, '2014-01-10', 10, 3, 59, 16, '44.00', '0.00', '704.00'),
(436, 10411, '2014-01-10', 10, 9, 41, 25, '7.70', '0.20', '140.00'),
(437, 10411, '2014-01-10', 10, 9, 44, 40, '15.50', '0.20', '480.00'),
(438, 10411, '2014-01-10', 10, 9, 59, 9, '44.00', '0.20', '316.80'),
(439, 10412, '2014-01-13', 87, 8, 14, 20, '18.60', '0.10', '324.00'),
(440, 10413, '2014-01-14', 41, 3, 1, 24, '14.40', '0.00', '336.00'),
(441, 10413, '2014-01-14', 41, 3, 62, 40, '39.40', '0.00', '1560.00'),
(442, 10413, '2014-01-14', 41, 3, 76, 14, '14.40', '0.00', '196.00'),
(443, 10414, '2014-01-14', 21, 2, 19, 18, '7.30', '0.05', '119.70'),
(444, 10414, '2014-01-14', 21, 2, 33, 50, '2.00', '0.00', '100.00'),
(445, 10415, '2014-01-15', 36, 3, 17, 2, '31.20', '0.00', '62.00'),
(446, 10415, '2014-01-15', 36, 3, 33, 20, '2.00', '0.00', '40.00'),
(447, 10416, '2014-01-16', 87, 8, 19, 20, '7.30', '0.00', '140.00'),
(448, 10416, '2014-01-16', 87, 8, 53, 10, '26.20', '0.00', '260.00'),
(449, 10416, '2014-01-16', 87, 8, 57, 20, '15.60', '0.00', '300.00'),
(450, 10417, '2014-01-16', 73, 4, 38, 50, '210.80', '0.00', '10500.00'),
(451, 10417, '2014-01-16', 73, 4, 46, 2, '9.60', '0.25', '13.50'),
(452, 10417, '2014-01-16', 73, 4, 68, 36, '10.00', '0.25', '270.00'),
(453, 10417, '2014-01-16', 73, 4, 77, 35, '10.40', '0.00', '350.00'),
(454, 10418, '2014-01-17', 63, 4, 2, 60, '15.20', '0.00', '900.00'),
(455, 10418, '2014-01-17', 63, 4, 47, 55, '7.60', '0.00', '385.00'),
(456, 10418, '2014-01-17', 63, 4, 61, 16, '22.80', '0.00', '352.00'),
(457, 10418, '2014-01-17', 63, 4, 74, 15, '8.00', '0.00', '120.00'),
(458, 10419, '2014-01-20', 68, 4, 60, 60, '27.20', '0.05', '1539.00'),
(459, 10419, '2014-01-20', 68, 4, 69, 20, '28.80', '0.05', '532.00'),
(460, 10420, '2014-01-21', 88, 3, 9, 20, '77.60', '0.10', '1386.00'),
(461, 10420, '2014-01-21', 88, 3, 13, 2, '4.80', '0.10', '7.20'),
(462, 10420, '2014-01-21', 88, 3, 70, 8, '12.00', '0.10', '86.40'),
(463, 10420, '2014-01-21', 88, 3, 73, 20, '12.00', '0.10', '216.00'),
(464, 10421, '2014-01-21', 61, 8, 19, 4, '7.30', '0.15', '23.80'),
(465, 10421, '2014-01-21', 61, 8, 26, 30, '24.90', '0.00', '720.00'),
(466, 10421, '2014-01-21', 61, 8, 53, 15, '26.20', '0.15', '331.50'),
(467, 10421, '2014-01-21', 61, 8, 77, 10, '10.40', '0.15', '85.00'),
(468, 10422, '2014-01-22', 27, 2, 26, 2, '24.90', '0.00', '48.00'),
(469, 10423, '2014-01-23', 31, 6, 31, 14, '10.00', '0.00', '140.00'),
(470, 10423, '2014-01-23', 31, 6, 59, 20, '44.00', '0.00', '880.00'),
(471, 10424, '2014-01-23', 51, 7, 35, 60, '14.40', '0.20', '672.00'),
(472, 10424, '2014-01-23', 51, 7, 38, 49, '210.80', '0.20', '8232.00'),
(473, 10424, '2014-01-23', 51, 7, 68, 30, '10.00', '0.20', '240.00'),
(474, 10425, '2014-01-24', 41, 6, 55, 10, '19.20', '0.25', '142.50'),
(475, 10425, '2014-01-24', 41, 6, 76, 20, '14.40', '0.25', '210.00'),
(476, 10426, '2014-01-27', 29, 4, 56, 5, '30.40', '0.00', '150.00'),
(477, 10426, '2014-01-27', 29, 4, 64, 7, '26.60', '0.00', '182.00'),
(478, 10427, '2014-01-27', 59, 4, 14, 35, '18.60', '0.00', '630.00'),
(479, 10428, '2014-01-28', 66, 7, 46, 20, '9.60', '0.00', '180.00'),
(480, 10429, '2014-01-29', 37, 3, 50, 40, '13.00', '0.00', '520.00'),
(481, 10429, '2014-01-29', 37, 3, 63, 35, '35.10', '0.25', '918.75'),
(482, 10430, '2014-01-30', 20, 4, 17, 45, '31.20', '0.20', '1116.00'),
(483, 10430, '2014-01-30', 20, 4, 21, 50, '8.00', '0.00', '400.00'),
(484, 10430, '2014-01-30', 20, 4, 56, 30, '30.40', '0.00', '900.00'),
(485, 10430, '2014-01-30', 20, 4, 59, 70, '44.00', '0.20', '2464.00'),
(486, 10431, '2014-01-30', 10, 4, 17, 50, '31.20', '0.25', '1162.50'),
(487, 10431, '2014-01-30', 10, 4, 40, 50, '14.70', '0.25', '525.00'),
(488, 10431, '2014-01-30', 10, 4, 47, 30, '7.60', '0.25', '157.50'),
(489, 10432, '2014-01-31', 75, 3, 26, 10, '24.90', '0.00', '240.00'),
(490, 10432, '2014-01-31', 75, 3, 54, 40, '5.90', '0.00', '200.00'),
(491, 10433, '2014-02-03', 60, 3, 56, 28, '30.40', '0.00', '840.00'),
(492, 10434, '2014-02-03', 24, 3, 11, 6, '16.80', '0.00', '96.00'),
(493, 10434, '2014-02-03', 24, 3, 76, 18, '14.40', '0.15', '214.20'),
(494, 10435, '2014-02-04', 16, 8, 2, 10, '15.20', '0.00', '150.00'),
(495, 10435, '2014-02-04', 16, 8, 22, 12, '16.80', '0.00', '192.00'),
(496, 10435, '2014-02-04', 16, 8, 72, 10, '27.80', '0.00', '270.00'),
(497, 10436, '2014-02-05', 7, 3, 46, 5, '9.60', '0.00', '45.00'),
(498, 10436, '2014-02-05', 7, 3, 56, 40, '30.40', '0.10', '1080.00'),
(499, 10436, '2014-02-05', 7, 3, 64, 30, '26.60', '0.10', '702.00'),
(500, 10436, '2014-02-05', 7, 3, 75, 24, '6.20', '0.10', '129.60'),
(501, 10437, '2014-02-05', 87, 8, 53, 15, '26.20', '0.00', '390.00'),
(502, 10438, '2014-02-06', 79, 3, 19, 15, '7.30', '0.20', '84.00'),
(503, 10438, '2014-02-06', 79, 3, 34, 20, '11.20', '0.20', '176.00'),
(504, 10438, '2014-02-06', 79, 3, 57, 15, '15.60', '0.20', '180.00'),
(505, 10439, '2014-02-07', 51, 6, 12, 15, '30.40', '0.00', '450.00'),
(506, 10439, '2014-02-07', 51, 6, 16, 16, '13.90', '0.00', '208.00'),
(507, 10439, '2014-02-07', 51, 6, 64, 6, '26.60', '0.00', '156.00'),
(508, 10439, '2014-02-07', 51, 6, 74, 30, '8.00', '0.00', '240.00'),
(509, 10440, '2014-02-10', 71, 4, 2, 45, '15.20', '0.15', '573.75'),
(510, 10440, '2014-02-10', 71, 4, 16, 49, '13.90', '0.15', '541.45'),
(511, 10440, '2014-02-10', 71, 4, 29, 24, '99.00', '0.15', '2019.60'),
(512, 10440, '2014-02-10', 71, 4, 61, 90, '22.80', '0.15', '1683.00'),
(513, 10441, '2014-02-10', 55, 3, 27, 50, '35.10', '0.00', '1750.00'),
(514, 10442, '2014-02-11', 20, 3, 11, 30, '16.80', '0.00', '480.00'),
(515, 10442, '2014-02-11', 20, 3, 54, 80, '5.90', '0.00', '400.00'),
(516, 10442, '2014-02-11', 20, 3, 66, 60, '13.60', '0.00', '780.00'),
(517, 10443, '2014-02-12', 66, 8, 11, 6, '16.80', '0.20', '76.80'),
(518, 10443, '2014-02-12', 66, 8, 28, 12, '36.40', '0.00', '432.00'),
(519, 10444, '2014-02-12', 5, 3, 17, 10, '31.20', '0.00', '310.00'),
(520, 10444, '2014-02-12', 5, 3, 26, 15, '24.90', '0.00', '360.00'),
(521, 10444, '2014-02-12', 5, 3, 35, 8, '14.40', '0.00', '112.00'),
(522, 10444, '2014-02-12', 5, 3, 41, 30, '7.70', '0.00', '210.00'),
(523, 10445, '2014-02-13', 5, 3, 39, 6, '14.40', '0.00', '84.00'),
(524, 10445, '2014-02-13', 5, 3, 54, 15, '5.90', '0.00', '75.00'),
(525, 10446, '2014-02-14', 79, 6, 19, 12, '7.30', '0.10', '75.60'),
(526, 10446, '2014-02-14', 79, 6, 24, 20, '3.60', '0.10', '54.00'),
(527, 10446, '2014-02-14', 79, 6, 31, 3, '10.00', '0.10', '27.00'),
(528, 10446, '2014-02-14', 79, 6, 52, 15, '5.60', '0.10', '67.50'),
(529, 10447, '2014-02-14', 67, 4, 19, 40, '7.30', '0.00', '280.00'),
(530, 10447, '2014-02-14', 67, 4, 65, 35, '16.80', '0.00', '560.00'),
(531, 10447, '2014-02-14', 67, 4, 71, 2, '17.20', '0.00', '34.00'),
(532, 10448, '2014-02-17', 64, 4, 26, 6, '24.90', '0.00', '144.00'),
(533, 10448, '2014-02-17', 64, 4, 40, 20, '14.70', '0.00', '280.00'),
(534, 10449, '2014-02-18', 7, 3, 10, 14, '24.80', '0.00', '336.00'),
(535, 10449, '2014-02-18', 7, 3, 52, 20, '5.60', '0.00', '100.00'),
(536, 10449, '2014-02-18', 7, 3, 62, 35, '39.40', '0.00', '1365.00'),
(537, 10450, '2014-02-19', 84, 8, 10, 20, '24.80', '0.20', '384.00'),
(538, 10450, '2014-02-19', 84, 8, 54, 6, '5.90', '0.20', '24.00'),
(539, 10451, '2014-02-19', 63, 4, 55, 120, '19.20', '0.10', '2052.00'),
(540, 10451, '2014-02-19', 63, 4, 64, 35, '26.60', '0.10', '819.00'),
(541, 10451, '2014-02-19', 63, 4, 65, 28, '16.80', '0.10', '403.20'),
(542, 10451, '2014-02-19', 63, 4, 77, 55, '10.40', '0.10', '495.00'),
(543, 10452, '2014-02-20', 71, 8, 28, 15, '36.40', '0.00', '540.00'),
(544, 10452, '2014-02-20', 71, 8, 44, 100, '15.50', '0.05', '1425.00'),
(545, 10453, '2014-02-21', 4, 1, 48, 15, '10.20', '0.10', '135.00'),
(546, 10453, '2014-02-21', 4, 1, 70, 25, '12.00', '0.10', '270.00'),
(547, 10454, '2014-02-21', 41, 4, 16, 20, '13.90', '0.20', '208.00'),
(548, 10454, '2014-02-21', 41, 4, 33, 20, '2.00', '0.20', '32.00'),
(549, 10454, '2014-02-21', 41, 4, 46, 10, '9.60', '0.20', '72.00'),
(550, 10455, '2014-02-24', 87, 8, 39, 20, '14.40', '0.00', '280.00'),
(551, 10455, '2014-02-24', 87, 8, 53, 50, '26.20', '0.00', '1300.00'),
(552, 10455, '2014-02-24', 87, 8, 61, 25, '22.80', '0.00', '550.00'),
(553, 10455, '2014-02-24', 87, 8, 71, 30, '17.20', '0.00', '510.00'),
(554, 10456, '2014-02-25', 39, 8, 21, 40, '8.00', '0.15', '272.00'),
(555, 10456, '2014-02-25', 39, 8, 49, 21, '16.00', '0.15', '285.60'),
(556, 10457, '2014-02-25', 39, 2, 59, 36, '44.00', '0.00', '1584.00'),
(557, 10458, '2014-02-26', 76, 7, 26, 30, '24.90', '0.00', '720.00'),
(558, 10458, '2014-02-26', 76, 7, 28, 30, '36.40', '0.00', '1080.00'),
(559, 10458, '2014-02-26', 76, 7, 43, 20, '36.80', '0.00', '720.00'),
(560, 10458, '2014-02-26', 76, 7, 56, 15, '30.40', '0.00', '450.00'),
(561, 10458, '2014-02-26', 76, 7, 71, 50, '17.20', '0.00', '850.00'),
(562, 10459, '2014-02-27', 84, 4, 7, 16, '24.00', '0.05', '364.80'),
(563, 10459, '2014-02-27', 84, 4, 46, 20, '9.60', '0.05', '171.00'),
(564, 10459, '2014-02-27', 84, 4, 72, 40, '27.80', '0.00', '1080.00'),
(565, 10460, '2014-02-28', 24, 8, 68, 21, '10.00', '0.25', '157.50'),
(566, 10460, '2014-02-28', 24, 8, 75, 4, '6.20', '0.25', '18.00'),
(567, 10461, '2014-02-28', 46, 1, 21, 40, '8.00', '0.25', '240.00'),
(568, 10461, '2014-02-28', 46, 1, 30, 28, '20.70', '0.25', '420.00'),
(569, 10461, '2014-02-28', 46, 1, 55, 60, '19.20', '0.25', '855.00'),
(570, 10462, '2014-03-03', 16, 2, 13, 1, '4.80', '0.00', '4.00'),
(571, 10462, '2014-03-03', 16, 2, 23, 21, '7.20', '0.00', '147.00'),
(572, 10463, '2014-03-04', 76, 5, 19, 21, '7.30', '0.00', '147.00'),
(573, 10463, '2014-03-04', 76, 5, 42, 50, '11.20', '0.00', '550.00'),
(574, 10464, '2014-03-04', 28, 4, 4, 16, '17.60', '0.20', '217.60'),
(575, 10464, '2014-03-04', 28, 4, 43, 3, '36.80', '0.00', '108.00'),
(576, 10464, '2014-03-04', 28, 4, 56, 30, '30.40', '0.20', '720.00'),
(577, 10464, '2014-03-04', 28, 4, 60, 20, '27.20', '0.00', '540.00'),
(578, 10465, '2014-03-05', 83, 1, 24, 25, '3.60', '0.00', '75.00'),
(579, 10465, '2014-03-05', 83, 1, 29, 18, '99.00', '0.10', '1603.80'),
(580, 10465, '2014-03-05', 83, 1, 40, 20, '14.70', '0.00', '280.00'),
(581, 10465, '2014-03-05', 83, 1, 45, 30, '7.60', '0.10', '189.00'),
(582, 10465, '2014-03-05', 83, 1, 50, 25, '13.00', '0.00', '325.00'),
(583, 10466, '2014-03-06', 15, 4, 11, 10, '16.80', '0.00', '160.00'),
(584, 10466, '2014-03-06', 15, 4, 46, 5, '9.60', '0.00', '45.00'),
(585, 10467, '2014-03-06', 49, 8, 24, 28, '3.60', '0.00', '84.00'),
(586, 10467, '2014-03-06', 49, 8, 25, 12, '11.20', '0.00', '132.00'),
(587, 10468, '2014-03-07', 39, 3, 30, 8, '20.70', '0.00', '160.00'),
(588, 10468, '2014-03-07', 39, 3, 43, 15, '36.80', '0.00', '540.00'),
(589, 10469, '2014-03-10', 89, 1, 2, 40, '15.20', '0.15', '510.00'),
(590, 10469, '2014-03-10', 89, 1, 16, 35, '13.90', '0.15', '386.75'),
(591, 10469, '2014-03-10', 89, 1, 44, 2, '15.50', '0.15', '25.50'),
(592, 10470, '2014-03-11', 9, 4, 18, 30, '50.00', '0.00', '1500.00'),
(593, 10470, '2014-03-11', 9, 4, 23, 15, '7.20', '0.00', '105.00'),
(594, 10470, '2014-03-11', 9, 4, 64, 8, '26.60', '0.00', '208.00'),
(595, 10471, '2014-03-11', 11, 2, 7, 30, '24.00', '0.00', '720.00'),
(596, 10471, '2014-03-11', 11, 2, 56, 20, '30.40', '0.00', '600.00'),
(597, 10472, '2014-03-12', 72, 8, 24, 80, '3.60', '0.05', '228.00'),
(598, 10472, '2014-03-12', 72, 8, 51, 18, '42.40', '0.00', '756.00'),
(599, 10473, '2014-03-13', 38, 1, 33, 12, '2.00', '0.00', '24.00'),
(600, 10473, '2014-03-13', 38, 1, 71, 12, '17.20', '0.00', '204.00'),
(601, 10474, '2014-03-13', 58, 5, 14, 12, '18.60', '0.00', '216.00'),
(602, 10474, '2014-03-13', 58, 5, 28, 18, '36.40', '0.00', '648.00'),
(603, 10474, '2014-03-13', 58, 5, 40, 21, '14.70', '0.00', '294.00'),
(604, 10474, '2014-03-13', 58, 5, 75, 10, '6.20', '0.00', '60.00'),
(605, 10475, '2014-03-14', 76, 9, 31, 35, '10.00', '0.15', '297.50'),
(606, 10475, '2014-03-14', 76, 9, 66, 60, '13.60', '0.15', '663.00'),
(607, 10475, '2014-03-14', 76, 9, 76, 42, '14.40', '0.15', '499.80'),
(608, 10476, '2014-03-17', 35, 8, 55, 2, '19.20', '0.05', '36.10'),
(609, 10476, '2014-03-17', 35, 8, 70, 12, '12.00', '0.00', '144.00'),
(610, 10477, '2014-03-17', 60, 5, 1, 15, '14.40', '0.00', '210.00'),
(611, 10477, '2014-03-17', 60, 5, 21, 21, '8.00', '0.25', '126.00'),
(612, 10477, '2014-03-17', 60, 5, 39, 20, '14.40', '0.25', '210.00'),
(613, 10478, '2014-03-18', 84, 2, 10, 20, '24.80', '0.05', '456.00'),
(614, 10479, '2014-03-19', 65, 3, 38, 30, '210.80', '0.00', '6300.00'),
(615, 10479, '2014-03-19', 65, 3, 53, 28, '26.20', '0.00', '728.00'),
(616, 10479, '2014-03-19', 65, 3, 59, 60, '44.00', '0.00', '2640.00'),
(617, 10479, '2014-03-19', 65, 3, 64, 30, '26.60', '0.00', '780.00'),
(618, 10480, '2014-03-20', 23, 6, 47, 30, '7.60', '0.00', '210.00'),
(619, 10480, '2014-03-20', 23, 6, 59, 12, '44.00', '0.00', '528.00'),
(620, 10481, '2014-03-20', 67, 8, 49, 24, '16.00', '0.00', '384.00'),
(621, 10481, '2014-03-20', 67, 8, 60, 40, '27.20', '0.00', '1080.00'),
(622, 10482, '2014-03-21', 43, 1, 40, 10, '14.70', '0.00', '140.00'),
(623, 10483, '2014-03-24', 89, 7, 34, 35, '11.20', '0.05', '365.75'),
(624, 10483, '2014-03-24', 89, 7, 77, 30, '10.40', '0.05', '285.00'),
(625, 10484, '2014-03-24', 11, 3, 21, 14, '8.00', '0.00', '112.00'),
(626, 10484, '2014-03-24', 11, 3, 40, 10, '14.70', '0.00', '140.00'),
(627, 10484, '2014-03-24', 11, 3, 51, 3, '42.40', '0.00', '126.00'),
(628, 10485, '2014-03-25', 47, 4, 2, 20, '15.20', '0.10', '270.00'),
(629, 10485, '2014-03-25', 47, 4, 3, 20, '8.00', '0.10', '144.00'),
(630, 10485, '2014-03-25', 47, 4, 55, 30, '19.20', '0.10', '513.00'),
(631, 10485, '2014-03-25', 47, 4, 70, 60, '12.00', '0.10', '648.00'),
(632, 10486, '2014-03-26', 35, 1, 11, 5, '16.80', '0.00', '80.00'),
(633, 10486, '2014-03-26', 35, 1, 51, 25, '42.40', '0.00', '1050.00'),
(634, 10486, '2014-03-26', 35, 1, 74, 16, '8.00', '0.00', '128.00'),
(635, 10487, '2014-03-26', 62, 2, 19, 5, '7.30', '0.00', '35.00'),
(636, 10487, '2014-03-26', 62, 2, 26, 30, '24.90', '0.00', '720.00'),
(637, 10487, '2014-03-26', 62, 2, 54, 24, '5.90', '0.25', '90.00'),
(638, 10488, '2014-03-27', 25, 8, 59, 30, '44.00', '0.00', '1320.00'),
(639, 10488, '2014-03-27', 25, 8, 73, 20, '12.00', '0.20', '192.00'),
(640, 10489, '2014-03-28', 59, 6, 11, 15, '16.80', '0.25', '180.00'),
(641, 10489, '2014-03-28', 59, 6, 16, 18, '13.90', '0.00', '234.00'),
(642, 10490, '2014-03-31', 35, 7, 59, 60, '44.00', '0.00', '2640.00'),
(643, 10490, '2014-03-31', 35, 7, 68, 30, '10.00', '0.00', '300.00'),
(644, 10490, '2014-03-31', 35, 7, 75, 36, '6.20', '0.00', '216.00'),
(645, 10491, '2014-03-31', 28, 8, 44, 15, '15.50', '0.15', '191.25'),
(646, 10491, '2014-03-31', 28, 8, 77, 7, '10.40', '0.15', '59.50'),
(647, 10492, '2014-04-01', 10, 3, 25, 60, '11.20', '0.05', '627.00'),
(648, 10492, '2014-04-01', 10, 3, 42, 20, '11.20', '0.05', '209.00'),
(649, 10493, '2014-04-02', 41, 4, 65, 15, '16.80', '0.10', '216.00'),
(650, 10493, '2014-04-02', 41, 4, 66, 10, '13.60', '0.10', '117.00'),
(651, 10493, '2014-04-02', 41, 4, 69, 10, '28.80', '0.10', '252.00'),
(652, 10494, '2014-04-02', 15, 4, 56, 30, '30.40', '0.00', '900.00'),
(653, 10495, '2014-04-03', 42, 3, 23, 10, '7.20', '0.00', '70.00'),
(654, 10495, '2014-04-03', 42, 3, 41, 20, '7.70', '0.00', '140.00'),
(655, 10495, '2014-04-03', 42, 3, 77, 5, '10.40', '0.00', '50.00'),
(656, 10496, '2014-04-04', 81, 7, 31, 20, '10.00', '0.05', '190.00'),
(657, 10497, '2014-04-04', 44, 7, 56, 14, '30.40', '0.00', '420.00'),
(658, 10497, '2014-04-04', 44, 7, 72, 25, '27.80', '0.00', '675.00'),
(659, 10497, '2014-04-04', 44, 7, 77, 25, '10.40', '0.00', '250.00'),
(660, 10498, '2014-04-07', 35, 8, 24, 14, '4.50', '0.00', '56.00'),
(661, 10498, '2014-04-07', 35, 8, 40, 5, '18.40', '0.00', '90.00'),
(662, 10498, '2014-04-07', 35, 8, 42, 30, '14.00', '0.00', '420.00'),
(663, 10499, '2014-04-08', 46, 4, 28, 20, '45.60', '0.00', '900.00'),
(664, 10499, '2014-04-08', 46, 4, 49, 25, '20.00', '0.00', '500.00'),
(665, 10500, '2014-04-09', 41, 6, 15, 12, '15.50', '0.05', '171.00'),
(666, 10500, '2014-04-09', 41, 6, 28, 8, '45.60', '0.05', '342.00'),
(667, 10501, '2014-04-09', 6, 9, 54, 20, '7.45', '0.00', '140.00'),
(668, 10502, '2014-04-10', 58, 2, 45, 21, '9.50', '0.00', '189.00'),
(669, 10502, '2014-04-10', 58, 2, 53, 6, '32.80', '0.00', '192.00'),
(670, 10502, '2014-04-10', 58, 2, 67, 30, '14.00', '0.00', '420.00'),
(671, 10503, '2014-04-11', 37, 6, 14, 70, '23.25', '0.00', '1610.00'),
(672, 10503, '2014-04-11', 37, 6, 65, 20, '21.05', '0.00', '420.00'),
(673, 10504, '2014-04-11', 89, 4, 2, 12, '19.00', '0.00', '228.00'),
(674, 10504, '2014-04-11', 89, 4, 21, 12, '10.00', '0.00', '120.00'),
(675, 10504, '2014-04-11', 89, 4, 53, 10, '32.80', '0.00', '320.00'),
(676, 10504, '2014-04-11', 89, 4, 61, 25, '28.50', '0.00', '700.00'),
(677, 10505, '2014-04-14', 51, 3, 62, 3, '49.30', '0.00', '147.00'),
(678, 10506, '2014-04-15', 39, 9, 25, 18, '14.00', '0.10', '226.80'),
(679, 10506, '2014-04-15', 39, 9, 70, 14, '15.00', '0.10', '189.00'),
(680, 10507, '2014-04-15', 3, 7, 43, 15, '46.00', '0.15', '586.50'),
(681, 10507, '2014-04-15', 3, 7, 48, 15, '12.75', '0.15', '153.00'),
(682, 10508, '2014-04-16', 56, 1, 13, 10, '6.00', '0.00', '60.00'),
(683, 10508, '2014-04-16', 56, 1, 39, 10, '18.00', '0.00', '180.00'),
(684, 10509, '2014-04-17', 6, 4, 28, 3, '45.60', '0.00', '135.00'),
(685, 10510, '2014-04-18', 71, 6, 29, 36, '123.79', '0.00', '4428.00'),
(686, 10510, '2014-04-18', 71, 6, 75, 36, '7.75', '0.10', '226.80'),
(687, 10511, '2014-04-18', 9, 4, 4, 50, '22.00', '0.15', '935.00'),
(688, 10511, '2014-04-18', 9, 4, 7, 50, '30.00', '0.15', '1275.00'),
(689, 10511, '2014-04-18', 9, 4, 8, 10, '40.00', '0.15', '340.00'),
(690, 10512, '2014-04-21', 21, 7, 24, 10, '4.50', '0.15', '34.00'),
(691, 10512, '2014-04-21', 21, 7, 46, 9, '12.00', '0.15', '91.80'),
(692, 10512, '2014-04-21', 21, 7, 47, 6, '9.50', '0.15', '45.90'),
(693, 10512, '2014-04-21', 21, 7, 60, 12, '34.00', '0.15', '346.80'),
(694, 10513, '2014-04-22', 86, 7, 21, 40, '10.00', '0.20', '320.00'),
(695, 10513, '2014-04-22', 86, 7, 32, 50, '32.00', '0.20', '1280.00'),
(696, 10513, '2014-04-22', 86, 7, 61, 15, '28.50', '0.20', '336.00'),
(697, 10514, '2014-04-22', 20, 3, 20, 39, '81.00', '0.00', '3159.00'),
(698, 10514, '2014-04-22', 20, 3, 28, 35, '45.60', '0.00', '1575.00'),
(699, 10514, '2014-04-22', 20, 3, 56, 70, '38.00', '0.00', '2660.00'),
(700, 10514, '2014-04-22', 20, 3, 65, 39, '21.05', '0.00', '819.00'),
(701, 10514, '2014-04-22', 20, 3, 75, 50, '7.75', '0.00', '350.00'),
(702, 10515, '2014-04-23', 63, 2, 9, 16, '97.00', '0.15', '1319.20'),
(703, 10515, '2014-04-23', 63, 2, 16, 50, '17.45', '0.00', '850.00'),
(704, 10515, '2014-04-23', 63, 2, 27, 120, '43.90', '0.00', '5160.00'),
(705, 10515, '2014-04-23', 63, 2, 33, 16, '2.50', '0.15', '27.20'),
(706, 10515, '2014-04-23', 63, 2, 60, 84, '34.00', '0.15', '2427.60'),
(707, 10516, '2014-04-24', 37, 2, 18, 25, '62.50', '0.10', '1395.00'),
(708, 10516, '2014-04-24', 37, 2, 41, 80, '9.65', '0.10', '648.00'),
(709, 10516, '2014-04-24', 37, 2, 42, 20, '14.00', '0.00', '280.00'),
(710, 10517, '2014-04-24', 53, 3, 52, 6, '7.00', '0.00', '42.00'),
(711, 10517, '2014-04-24', 53, 3, 59, 4, '55.00', '0.00', '220.00'),
(712, 10517, '2014-04-24', 53, 3, 70, 6, '15.00', '0.00', '90.00'),
(713, 10518, '2014-04-25', 80, 4, 24, 5, '4.50', '0.00', '20.00'),
(714, 10518, '2014-04-25', 80, 4, 38, 15, '263.50', '0.00', '3945.00'),
(715, 10518, '2014-04-25', 80, 4, 44, 9, '19.45', '0.00', '171.00'),
(716, 10519, '2014-04-28', 14, 6, 10, 16, '31.00', '0.05', '471.20'),
(717, 10519, '2014-04-28', 14, 6, 56, 40, '38.00', '0.00', '1520.00'),
(718, 10519, '2014-04-28', 14, 6, 60, 10, '34.00', '0.05', '323.00'),
(719, 10520, '2014-04-29', 70, 7, 24, 8, '4.50', '0.00', '32.00'),
(720, 10520, '2014-04-29', 70, 7, 53, 5, '32.80', '0.00', '160.00'),
(721, 10521, '2014-04-29', 12, 8, 35, 3, '18.00', '0.00', '54.00'),
(722, 10521, '2014-04-29', 12, 8, 41, 10, '9.65', '0.00', '90.00'),
(723, 10521, '2014-04-29', 12, 8, 68, 6, '12.50', '0.00', '72.00'),
(724, 10522, '2014-04-30', 44, 4, 1, 40, '18.00', '0.20', '576.00'),
(725, 10522, '2014-04-30', 44, 4, 8, 24, '40.00', '0.00', '960.00'),
(726, 10522, '2014-04-30', 44, 4, 30, 20, '25.89', '0.20', '400.00'),
(727, 10522, '2014-04-30', 44, 4, 40, 25, '18.40', '0.20', '360.00'),
(728, 10523, '2014-05-01', 72, 7, 17, 25, '39.00', '0.10', '877.50'),
(729, 10523, '2014-05-01', 72, 7, 20, 15, '81.00', '0.10', '1093.50'),
(730, 10523, '2014-05-01', 72, 7, 37, 18, '26.00', '0.10', '421.20'),
(731, 10523, '2014-05-01', 72, 7, 41, 6, '9.65', '0.10', '48.60'),
(732, 10524, '2014-05-01', 5, 1, 10, 2, '31.00', '0.00', '62.00'),
(733, 10524, '2014-05-01', 5, 1, 30, 10, '25.89', '0.00', '250.00'),
(734, 10524, '2014-05-01', 5, 1, 43, 60, '46.00', '0.00', '2760.00'),
(735, 10524, '2014-05-01', 5, 1, 54, 15, '7.45', '0.00', '105.00'),
(736, 10525, '2014-05-02', 9, 1, 36, 30, '19.00', '0.00', '570.00'),
(737, 10525, '2014-05-02', 9, 1, 40, 15, '18.40', '0.10', '243.00'),
(738, 10526, '2014-05-05', 87, 4, 1, 8, '18.00', '0.15', '122.40'),
(739, 10526, '2014-05-05', 87, 4, 13, 10, '6.00', '0.00', '60.00'),
(740, 10526, '2014-05-05', 87, 4, 56, 30, '38.00', '0.15', '969.00');
INSERT INTO `factsales` (`SalesID`, `OrderID`, `DateID`, `CustomerKey`, `EmployeeKey`, `ProductKey`, `Quantity`, `UnitPrice`, `Discount`, `TotalAmount`) VALUES
(741, 10527, '2014-05-05', 63, 7, 4, 50, '22.00', '0.10', '990.00'),
(742, 10527, '2014-05-05', 63, 7, 36, 30, '19.00', '0.10', '513.00'),
(743, 10528, '2014-05-06', 32, 6, 11, 3, '21.00', '0.00', '63.00'),
(744, 10528, '2014-05-06', 32, 6, 33, 8, '2.50', '0.20', '12.80'),
(745, 10528, '2014-05-06', 32, 6, 72, 9, '34.80', '0.00', '306.00'),
(746, 10529, '2014-05-07', 50, 5, 55, 14, '24.00', '0.00', '336.00'),
(747, 10529, '2014-05-07', 50, 5, 68, 20, '12.50', '0.00', '240.00'),
(748, 10529, '2014-05-07', 50, 5, 69, 10, '36.00', '0.00', '360.00'),
(749, 10530, '2014-05-08', 59, 3, 17, 40, '39.00', '0.00', '1560.00'),
(750, 10530, '2014-05-08', 59, 3, 43, 25, '46.00', '0.00', '1150.00'),
(751, 10530, '2014-05-08', 59, 3, 61, 20, '28.50', '0.00', '560.00'),
(752, 10530, '2014-05-08', 59, 3, 76, 50, '18.00', '0.00', '900.00'),
(753, 10531, '2014-05-08', 54, 7, 59, 2, '55.00', '0.00', '110.00'),
(754, 10532, '2014-05-09', 19, 7, 30, 15, '25.89', '0.00', '375.00'),
(755, 10532, '2014-05-09', 19, 7, 66, 24, '17.00', '0.00', '408.00'),
(756, 10533, '2014-05-12', 24, 8, 4, 50, '22.00', '0.05', '1045.00'),
(757, 10533, '2014-05-12', 24, 8, 72, 24, '34.80', '0.00', '816.00'),
(758, 10533, '2014-05-12', 24, 8, 73, 24, '15.00', '0.05', '342.00'),
(759, 10534, '2014-05-12', 44, 8, 30, 10, '25.89', '0.00', '250.00'),
(760, 10534, '2014-05-12', 44, 8, 40, 10, '18.40', '0.20', '144.00'),
(761, 10534, '2014-05-12', 44, 8, 54, 10, '7.45', '0.20', '56.00'),
(762, 10535, '2014-05-13', 3, 4, 11, 50, '21.00', '0.10', '945.00'),
(763, 10535, '2014-05-13', 3, 4, 40, 10, '18.40', '0.10', '162.00'),
(764, 10535, '2014-05-13', 3, 4, 57, 5, '19.50', '0.10', '85.50'),
(765, 10535, '2014-05-13', 3, 4, 59, 15, '55.00', '0.10', '742.50'),
(766, 10536, '2014-05-14', 44, 3, 12, 15, '38.00', '0.25', '427.50'),
(767, 10536, '2014-05-14', 44, 3, 31, 20, '12.50', '0.00', '240.00'),
(768, 10536, '2014-05-14', 44, 3, 33, 30, '2.50', '0.00', '60.00'),
(769, 10536, '2014-05-14', 44, 3, 60, 35, '34.00', '0.25', '892.50'),
(770, 10537, '2014-05-14', 68, 1, 31, 30, '12.50', '0.00', '360.00'),
(771, 10537, '2014-05-14', 68, 1, 51, 6, '53.00', '0.00', '318.00'),
(772, 10537, '2014-05-14', 68, 1, 58, 20, '13.25', '0.00', '260.00'),
(773, 10537, '2014-05-14', 68, 1, 72, 21, '34.80', '0.00', '714.00'),
(774, 10537, '2014-05-14', 68, 1, 73, 9, '15.00', '0.00', '135.00'),
(775, 10538, '2014-05-15', 11, 9, 70, 7, '15.00', '0.00', '105.00'),
(776, 10538, '2014-05-15', 11, 9, 72, 1, '34.80', '0.00', '34.00'),
(777, 10539, '2014-05-16', 11, 6, 13, 8, '6.00', '0.00', '48.00'),
(778, 10539, '2014-05-16', 11, 6, 21, 15, '10.00', '0.00', '150.00'),
(779, 10539, '2014-05-16', 11, 6, 33, 15, '2.50', '0.00', '30.00'),
(780, 10539, '2014-05-16', 11, 6, 49, 6, '20.00', '0.00', '120.00'),
(781, 10540, '2014-05-19', 63, 3, 3, 60, '10.00', '0.00', '600.00'),
(782, 10540, '2014-05-19', 63, 3, 26, 40, '31.23', '0.00', '1240.00'),
(783, 10540, '2014-05-19', 63, 3, 38, 30, '263.50', '0.00', '7890.00'),
(784, 10540, '2014-05-19', 63, 3, 68, 35, '12.50', '0.00', '420.00'),
(785, 10541, '2014-05-19', 34, 2, 24, 35, '4.50', '0.10', '126.00'),
(786, 10541, '2014-05-19', 34, 2, 38, 4, '263.50', '0.10', '946.80'),
(787, 10541, '2014-05-19', 34, 2, 65, 36, '21.05', '0.10', '680.40'),
(788, 10541, '2014-05-19', 34, 2, 71, 9, '21.50', '0.10', '170.10'),
(789, 10542, '2014-05-20', 39, 1, 11, 15, '21.00', '0.05', '299.25'),
(790, 10542, '2014-05-20', 39, 1, 54, 24, '7.45', '0.05', '159.60'),
(791, 10543, '2014-05-21', 46, 8, 12, 30, '38.00', '0.15', '969.00'),
(792, 10543, '2014-05-21', 46, 8, 23, 70, '9.00', '0.15', '535.50'),
(793, 10544, '2014-05-21', 48, 4, 28, 7, '45.60', '0.00', '315.00'),
(794, 10544, '2014-05-21', 48, 4, 67, 7, '14.00', '0.00', '98.00'),
(795, 10545, '2014-05-22', 43, 8, 11, 10, '21.00', '0.00', '210.00'),
(796, 10546, '2014-05-23', 84, 1, 7, 10, '30.00', '0.00', '300.00'),
(797, 10546, '2014-05-23', 84, 1, 35, 30, '18.00', '0.00', '540.00'),
(798, 10546, '2014-05-23', 84, 1, 62, 40, '49.30', '0.00', '1960.00'),
(799, 10547, '2014-05-23', 72, 3, 32, 24, '32.00', '0.15', '652.80'),
(800, 10547, '2014-05-23', 72, 3, 36, 60, '19.00', '0.00', '1140.00'),
(801, 10548, '2014-05-26', 79, 3, 34, 10, '14.00', '0.25', '105.00'),
(802, 10548, '2014-05-26', 79, 3, 41, 14, '9.65', '0.00', '126.00'),
(803, 10549, '2014-05-27', 63, 5, 31, 55, '12.50', '0.15', '561.00'),
(804, 10549, '2014-05-27', 63, 5, 45, 100, '9.50', '0.15', '765.00'),
(805, 10549, '2014-05-27', 63, 5, 51, 48, '53.00', '0.15', '2162.40'),
(806, 10550, '2014-05-28', 30, 7, 17, 8, '39.00', '0.10', '280.80'),
(807, 10550, '2014-05-28', 30, 7, 19, 10, '9.20', '0.00', '90.00'),
(808, 10550, '2014-05-28', 30, 7, 21, 6, '10.00', '0.10', '54.00'),
(809, 10550, '2014-05-28', 30, 7, 61, 10, '28.50', '0.10', '252.00'),
(810, 10551, '2014-05-28', 28, 4, 16, 40, '17.45', '0.15', '578.00'),
(811, 10551, '2014-05-28', 28, 4, 35, 20, '18.00', '0.15', '306.00'),
(812, 10551, '2014-05-28', 28, 4, 44, 40, '19.45', '0.00', '760.00'),
(813, 10552, '2014-05-29', 35, 2, 69, 18, '36.00', '0.00', '648.00'),
(814, 10552, '2014-05-29', 35, 2, 75, 30, '7.75', '0.00', '210.00'),
(815, 10553, '2014-05-30', 87, 2, 11, 15, '21.00', '0.00', '315.00'),
(816, 10553, '2014-05-30', 87, 2, 16, 14, '17.45', '0.00', '238.00'),
(817, 10553, '2014-05-30', 87, 2, 22, 24, '21.00', '0.00', '504.00'),
(818, 10553, '2014-05-30', 87, 2, 31, 30, '12.50', '0.00', '360.00'),
(819, 10553, '2014-05-30', 87, 2, 35, 6, '18.00', '0.00', '108.00'),
(820, 10554, '2014-05-30', 56, 4, 16, 30, '17.45', '0.05', '484.50'),
(821, 10554, '2014-05-30', 56, 4, 23, 20, '9.00', '0.05', '171.00'),
(822, 10554, '2014-05-30', 56, 4, 62, 20, '49.30', '0.05', '931.00'),
(823, 10554, '2014-05-30', 56, 4, 77, 10, '13.00', '0.05', '123.50'),
(824, 10555, '2014-06-02', 71, 6, 14, 30, '23.25', '0.20', '552.00'),
(825, 10555, '2014-06-02', 71, 6, 19, 35, '9.20', '0.20', '252.00'),
(826, 10555, '2014-06-02', 71, 6, 24, 18, '4.50', '0.20', '57.60'),
(827, 10555, '2014-06-02', 71, 6, 51, 20, '53.00', '0.20', '848.00'),
(828, 10555, '2014-06-02', 71, 6, 56, 40, '38.00', '0.20', '1216.00'),
(829, 10556, '2014-06-03', 73, 2, 72, 24, '34.80', '0.00', '816.00'),
(830, 10557, '2014-06-03', 44, 9, 64, 30, '33.25', '0.00', '990.00'),
(831, 10557, '2014-06-03', 44, 9, 75, 20, '7.75', '0.00', '140.00'),
(832, 10558, '2014-06-04', 4, 1, 47, 25, '9.50', '0.00', '225.00'),
(833, 10558, '2014-06-04', 4, 1, 51, 20, '53.00', '0.00', '1060.00'),
(834, 10558, '2014-06-04', 4, 1, 52, 30, '7.00', '0.00', '210.00'),
(835, 10558, '2014-06-04', 4, 1, 53, 18, '32.80', '0.00', '576.00'),
(836, 10558, '2014-06-04', 4, 1, 73, 3, '15.00', '0.00', '45.00'),
(837, 10559, '2014-06-05', 7, 6, 41, 12, '9.65', '0.05', '102.60'),
(838, 10559, '2014-06-05', 7, 6, 55, 18, '24.00', '0.05', '410.40'),
(839, 10560, '2014-06-06', 25, 8, 30, 20, '25.89', '0.00', '500.00'),
(840, 10560, '2014-06-06', 25, 8, 62, 15, '49.30', '0.25', '551.25'),
(841, 10561, '2014-06-06', 24, 2, 44, 10, '19.45', '0.00', '190.00'),
(842, 10561, '2014-06-06', 24, 2, 51, 50, '53.00', '0.00', '2650.00'),
(843, 10562, '2014-06-09', 66, 1, 33, 20, '2.50', '0.10', '36.00'),
(844, 10562, '2014-06-09', 66, 1, 62, 10, '49.30', '0.10', '441.00'),
(845, 10563, '2014-06-10', 67, 2, 36, 25, '19.00', '0.00', '475.00'),
(846, 10563, '2014-06-10', 67, 2, 52, 70, '7.00', '0.00', '490.00'),
(847, 10564, '2014-06-10', 65, 4, 17, 16, '39.00', '0.05', '592.80'),
(848, 10564, '2014-06-10', 65, 4, 31, 6, '12.50', '0.05', '68.40'),
(849, 10564, '2014-06-10', 65, 4, 55, 25, '24.00', '0.05', '570.00'),
(850, 10565, '2014-06-11', 51, 8, 24, 25, '4.50', '0.10', '90.00'),
(851, 10565, '2014-06-11', 51, 8, 64, 18, '33.25', '0.10', '534.60'),
(852, 10566, '2014-06-12', 7, 9, 11, 35, '21.00', '0.15', '624.75'),
(853, 10566, '2014-06-12', 7, 9, 18, 18, '62.50', '0.15', '948.60'),
(854, 10566, '2014-06-12', 7, 9, 76, 10, '18.00', '0.00', '180.00'),
(855, 10567, '2014-06-12', 37, 1, 31, 60, '12.50', '0.20', '576.00'),
(856, 10567, '2014-06-12', 37, 1, 51, 3, '53.00', '0.00', '159.00'),
(857, 10567, '2014-06-12', 37, 1, 59, 40, '55.00', '0.20', '1760.00'),
(858, 10568, '2014-06-13', 29, 3, 10, 5, '31.00', '0.00', '155.00'),
(859, 10569, '2014-06-16', 65, 5, 31, 35, '12.50', '0.20', '336.00'),
(860, 10569, '2014-06-16', 65, 5, 76, 30, '18.00', '0.00', '540.00'),
(861, 10570, '2014-06-17', 51, 3, 11, 15, '21.00', '0.05', '299.25'),
(862, 10570, '2014-06-17', 51, 3, 56, 60, '38.00', '0.05', '2166.00'),
(863, 10571, '2014-06-17', 20, 8, 14, 11, '23.25', '0.15', '215.05'),
(864, 10571, '2014-06-17', 20, 8, 42, 28, '14.00', '0.15', '333.20'),
(865, 10572, '2014-06-18', 5, 3, 16, 12, '17.45', '0.10', '183.60'),
(866, 10572, '2014-06-18', 5, 3, 32, 10, '32.00', '0.10', '288.00'),
(867, 10572, '2014-06-18', 5, 3, 40, 50, '18.40', '0.00', '900.00'),
(868, 10572, '2014-06-18', 5, 3, 75, 15, '7.75', '0.10', '94.50'),
(869, 10573, '2014-06-19', 3, 7, 17, 18, '39.00', '0.00', '702.00'),
(870, 10573, '2014-06-19', 3, 7, 34, 40, '14.00', '0.00', '560.00'),
(871, 10573, '2014-06-19', 3, 7, 53, 25, '32.80', '0.00', '800.00'),
(872, 10574, '2014-06-19', 82, 4, 33, 14, '2.50', '0.00', '28.00'),
(873, 10574, '2014-06-19', 82, 4, 40, 2, '18.40', '0.00', '36.00'),
(874, 10574, '2014-06-19', 82, 4, 62, 10, '49.30', '0.00', '490.00'),
(875, 10574, '2014-06-19', 82, 4, 64, 6, '33.25', '0.00', '198.00'),
(876, 10575, '2014-06-20', 52, 5, 59, 12, '55.00', '0.00', '660.00'),
(877, 10575, '2014-06-20', 52, 5, 63, 6, '43.90', '0.00', '258.00'),
(878, 10575, '2014-06-20', 52, 5, 72, 30, '34.80', '0.00', '1020.00'),
(879, 10575, '2014-06-20', 52, 5, 76, 10, '18.00', '0.00', '180.00'),
(880, 10576, '2014-06-23', 80, 3, 1, 10, '18.00', '0.00', '180.00'),
(881, 10576, '2014-06-23', 80, 3, 31, 20, '12.50', '0.00', '240.00'),
(882, 10576, '2014-06-23', 80, 3, 44, 21, '19.45', '0.00', '399.00'),
(883, 10577, '2014-06-23', 82, 9, 39, 10, '18.00', '0.00', '180.00'),
(884, 10577, '2014-06-23', 82, 9, 75, 20, '7.75', '0.00', '140.00'),
(885, 10577, '2014-06-23', 82, 9, 77, 18, '13.00', '0.00', '234.00'),
(886, 10578, '2014-06-24', 11, 4, 35, 20, '18.00', '0.00', '360.00'),
(887, 10578, '2014-06-24', 11, 4, 57, 6, '19.50', '0.00', '114.00'),
(888, 10579, '2014-06-25', 45, 1, 15, 10, '15.50', '0.00', '150.00'),
(889, 10579, '2014-06-25', 45, 1, 75, 21, '7.75', '0.00', '147.00'),
(890, 10580, '2014-06-26', 56, 4, 14, 15, '23.25', '0.05', '327.75'),
(891, 10580, '2014-06-26', 56, 4, 41, 9, '9.65', '0.05', '76.95'),
(892, 10580, '2014-06-26', 56, 4, 65, 30, '21.05', '0.05', '598.50'),
(893, 10581, '2014-06-26', 21, 3, 75, 50, '7.75', '0.20', '280.00'),
(894, 10582, '2014-06-27', 6, 3, 57, 4, '19.50', '0.00', '76.00'),
(895, 10582, '2014-06-27', 6, 3, 76, 14, '18.00', '0.00', '252.00'),
(896, 10583, '2014-06-30', 87, 2, 29, 10, '123.79', '0.00', '1230.00'),
(897, 10583, '2014-06-30', 87, 2, 60, 24, '34.00', '0.15', '693.60'),
(898, 10583, '2014-06-30', 87, 2, 69, 10, '36.00', '0.15', '306.00'),
(899, 10584, '2014-06-30', 7, 4, 31, 50, '12.50', '0.05', '570.00'),
(900, 10585, '2014-07-01', 88, 7, 47, 15, '9.50', '0.00', '135.00'),
(901, 10586, '2014-07-02', 66, 9, 52, 4, '7.00', '0.15', '23.80'),
(902, 10587, '2014-07-02', 61, 1, 26, 6, '31.23', '0.00', '186.00'),
(903, 10587, '2014-07-02', 61, 1, 35, 20, '18.00', '0.00', '360.00'),
(904, 10587, '2014-07-02', 61, 1, 77, 20, '13.00', '0.00', '260.00'),
(905, 10588, '2014-07-03', 63, 2, 18, 40, '62.50', '0.20', '1984.00'),
(906, 10588, '2014-07-03', 63, 2, 42, 100, '14.00', '0.20', '1120.00'),
(907, 10589, '2014-07-04', 32, 8, 35, 4, '18.00', '0.00', '72.00'),
(908, 10590, '2014-07-07', 51, 4, 1, 20, '18.00', '0.00', '360.00'),
(909, 10590, '2014-07-07', 51, 4, 77, 60, '13.00', '0.05', '741.00'),
(910, 10591, '2014-07-07', 83, 1, 3, 14, '10.00', '0.00', '140.00'),
(911, 10591, '2014-07-07', 83, 1, 7, 10, '30.00', '0.00', '300.00'),
(912, 10591, '2014-07-07', 83, 1, 54, 50, '7.45', '0.00', '350.00'),
(913, 10592, '2014-07-08', 44, 3, 15, 25, '15.50', '0.05', '356.25'),
(914, 10592, '2014-07-08', 44, 3, 26, 5, '31.23', '0.05', '147.25'),
(915, 10593, '2014-07-09', 44, 7, 20, 21, '81.00', '0.20', '1360.80'),
(916, 10593, '2014-07-09', 44, 7, 69, 20, '36.00', '0.20', '576.00'),
(917, 10593, '2014-07-09', 44, 7, 76, 4, '18.00', '0.20', '57.60'),
(918, 10594, '2014-07-09', 55, 3, 52, 24, '7.00', '0.00', '168.00'),
(919, 10594, '2014-07-09', 55, 3, 58, 30, '13.25', '0.00', '390.00'),
(920, 10595, '2014-07-10', 20, 2, 35, 30, '18.00', '0.25', '405.00'),
(921, 10595, '2014-07-10', 20, 2, 61, 120, '28.50', '0.25', '2520.00'),
(922, 10595, '2014-07-10', 20, 2, 69, 65, '36.00', '0.25', '1755.00'),
(923, 10596, '2014-07-11', 89, 8, 56, 5, '38.00', '0.20', '152.00'),
(924, 10596, '2014-07-11', 89, 8, 63, 24, '43.90', '0.20', '825.60'),
(925, 10596, '2014-07-11', 89, 8, 75, 30, '7.75', '0.20', '168.00'),
(926, 10597, '2014-07-11', 59, 7, 24, 35, '4.50', '0.20', '112.00'),
(927, 10597, '2014-07-11', 59, 7, 57, 20, '19.50', '0.00', '380.00'),
(928, 10597, '2014-07-11', 59, 7, 65, 12, '21.05', '0.20', '201.60'),
(929, 10598, '2014-07-14', 65, 1, 27, 50, '43.90', '0.00', '2150.00'),
(930, 10598, '2014-07-14', 65, 1, 71, 9, '21.50', '0.00', '189.00'),
(931, 10599, '2014-07-15', 11, 6, 62, 10, '49.30', '0.00', '490.00'),
(932, 10600, '2014-07-16', 36, 4, 54, 4, '7.45', '0.00', '28.00'),
(933, 10600, '2014-07-16', 36, 4, 73, 30, '15.00', '0.00', '450.00'),
(934, 10601, '2014-07-16', 35, 7, 13, 60, '6.00', '0.00', '360.00'),
(935, 10601, '2014-07-16', 35, 7, 59, 35, '55.00', '0.00', '1925.00'),
(936, 10602, '2014-07-17', 83, 8, 77, 5, '13.00', '0.25', '48.75'),
(937, 10603, '2014-07-18', 71, 8, 22, 48, '21.00', '0.00', '1008.00'),
(938, 10603, '2014-07-18', 71, 8, 49, 25, '20.00', '0.05', '475.00'),
(939, 10604, '2014-07-18', 28, 1, 48, 6, '12.75', '0.10', '64.80'),
(940, 10604, '2014-07-18', 28, 1, 76, 10, '18.00', '0.10', '162.00'),
(941, 10605, '2014-07-21', 51, 1, 16, 30, '17.45', '0.05', '484.50'),
(942, 10605, '2014-07-21', 51, 1, 59, 20, '55.00', '0.05', '1045.00'),
(943, 10605, '2014-07-21', 51, 1, 60, 70, '34.00', '0.05', '2261.00'),
(944, 10605, '2014-07-21', 51, 1, 71, 15, '21.50', '0.05', '299.25'),
(945, 10606, '2014-07-22', 81, 4, 4, 20, '22.00', '0.20', '352.00'),
(946, 10606, '2014-07-22', 81, 4, 55, 20, '24.00', '0.20', '384.00'),
(947, 10606, '2014-07-22', 81, 4, 62, 10, '49.30', '0.20', '392.00'),
(948, 10607, '2014-07-22', 71, 5, 7, 45, '30.00', '0.00', '1350.00'),
(949, 10607, '2014-07-22', 71, 5, 17, 100, '39.00', '0.00', '3900.00'),
(950, 10607, '2014-07-22', 71, 5, 33, 14, '2.50', '0.00', '28.00'),
(951, 10607, '2014-07-22', 71, 5, 40, 42, '18.40', '0.00', '756.00'),
(952, 10607, '2014-07-22', 71, 5, 72, 12, '34.80', '0.00', '408.00'),
(953, 10608, '2014-07-23', 79, 4, 56, 28, '38.00', '0.00', '1064.00'),
(954, 10609, '2014-07-24', 18, 7, 1, 3, '18.00', '0.00', '54.00'),
(955, 10609, '2014-07-24', 18, 7, 10, 10, '31.00', '0.00', '310.00'),
(956, 10609, '2014-07-24', 18, 7, 21, 6, '10.00', '0.00', '60.00'),
(957, 10610, '2014-07-25', 41, 8, 36, 21, '19.00', '0.25', '299.25'),
(958, 10611, '2014-07-25', 91, 6, 1, 6, '18.00', '0.00', '108.00'),
(959, 10611, '2014-07-25', 91, 6, 2, 10, '19.00', '0.00', '190.00'),
(960, 10611, '2014-07-25', 91, 6, 60, 15, '34.00', '0.00', '510.00'),
(961, 10612, '2014-07-28', 71, 1, 10, 70, '31.00', '0.00', '2170.00'),
(962, 10612, '2014-07-28', 71, 1, 36, 55, '19.00', '0.00', '1045.00'),
(963, 10612, '2014-07-28', 71, 1, 49, 18, '20.00', '0.00', '360.00'),
(964, 10612, '2014-07-28', 71, 1, 60, 40, '34.00', '0.00', '1360.00'),
(965, 10612, '2014-07-28', 71, 1, 76, 80, '18.00', '0.00', '1440.00'),
(966, 10613, '2014-07-29', 35, 4, 13, 8, '6.00', '0.10', '43.20'),
(967, 10613, '2014-07-29', 35, 4, 75, 40, '7.75', '0.00', '280.00'),
(968, 10614, '2014-07-29', 6, 8, 11, 14, '21.00', '0.00', '294.00'),
(969, 10614, '2014-07-29', 6, 8, 21, 8, '10.00', '0.00', '80.00'),
(970, 10614, '2014-07-29', 6, 8, 39, 5, '18.00', '0.00', '90.00'),
(971, 10615, '2014-07-30', 90, 2, 55, 5, '24.00', '0.00', '120.00'),
(972, 10616, '2014-07-31', 32, 1, 38, 15, '263.50', '0.05', '3747.75'),
(973, 10616, '2014-07-31', 32, 1, 56, 14, '38.00', '0.00', '532.00'),
(974, 10616, '2014-07-31', 32, 1, 70, 15, '15.00', '0.05', '213.75'),
(975, 10616, '2014-07-31', 32, 1, 71, 15, '21.50', '0.05', '299.25'),
(976, 10617, '2014-07-31', 32, 4, 59, 30, '55.00', '0.15', '1402.50'),
(977, 10618, '2014-08-01', 51, 1, 6, 70, '25.00', '0.00', '1750.00'),
(978, 10618, '2014-08-01', 51, 1, 56, 20, '38.00', '0.00', '760.00'),
(979, 10618, '2014-08-01', 51, 1, 68, 15, '12.50', '0.00', '180.00'),
(980, 10619, '2014-08-04', 51, 3, 21, 42, '10.00', '0.00', '420.00'),
(981, 10619, '2014-08-04', 51, 3, 22, 40, '21.00', '0.00', '840.00'),
(982, 10620, '2014-08-05', 42, 2, 24, 5, '4.50', '0.00', '20.00'),
(983, 10620, '2014-08-05', 42, 2, 52, 5, '7.00', '0.00', '35.00'),
(984, 10621, '2014-08-05', 38, 4, 19, 5, '9.20', '0.00', '45.00'),
(985, 10621, '2014-08-05', 38, 4, 23, 10, '9.00', '0.00', '90.00'),
(986, 10621, '2014-08-05', 38, 4, 70, 20, '15.00', '0.00', '300.00'),
(987, 10621, '2014-08-05', 38, 4, 71, 15, '21.50', '0.00', '315.00'),
(988, 10622, '2014-08-06', 67, 4, 2, 20, '19.00', '0.00', '380.00'),
(989, 10622, '2014-08-06', 67, 4, 68, 18, '12.50', '0.20', '172.80'),
(990, 10623, '2014-08-07', 25, 8, 14, 21, '23.25', '0.00', '483.00'),
(991, 10623, '2014-08-07', 25, 8, 19, 15, '9.20', '0.10', '121.50'),
(992, 10623, '2014-08-07', 25, 8, 21, 25, '10.00', '0.10', '225.00'),
(993, 10623, '2014-08-07', 25, 8, 24, 3, '4.50', '0.00', '12.00'),
(994, 10623, '2014-08-07', 25, 8, 35, 30, '18.00', '0.10', '486.00'),
(995, 10624, '2014-08-07', 78, 4, 28, 10, '45.60', '0.00', '450.00'),
(996, 10624, '2014-08-07', 78, 4, 29, 6, '123.79', '0.00', '738.00'),
(997, 10624, '2014-08-07', 78, 4, 44, 10, '19.45', '0.00', '190.00'),
(998, 10625, '2014-08-08', 2, 3, 14, 3, '23.25', '0.00', '69.00'),
(999, 10625, '2014-08-08', 2, 3, 42, 5, '14.00', '0.00', '70.00'),
(1000, 10625, '2014-08-08', 2, 3, 60, 10, '34.00', '0.00', '340.00'),
(1001, 10626, '2014-08-11', 5, 1, 53, 12, '32.80', '0.00', '384.00'),
(1002, 10626, '2014-08-11', 5, 1, 60, 20, '34.00', '0.00', '680.00'),
(1003, 10626, '2014-08-11', 5, 1, 71, 20, '21.50', '0.00', '420.00'),
(1004, 10627, '2014-08-11', 71, 8, 62, 15, '49.30', '0.00', '735.00'),
(1005, 10627, '2014-08-11', 71, 8, 73, 35, '15.00', '0.15', '446.25'),
(1006, 10628, '2014-08-12', 7, 4, 1, 25, '18.00', '0.00', '450.00'),
(1007, 10629, '2014-08-12', 30, 4, 29, 20, '123.79', '0.00', '2460.00'),
(1008, 10629, '2014-08-12', 30, 4, 64, 9, '33.25', '0.00', '297.00'),
(1009, 10630, '2014-08-13', 39, 1, 55, 12, '24.00', '0.05', '273.60'),
(1010, 10630, '2014-08-13', 39, 1, 76, 35, '18.00', '0.00', '630.00'),
(1011, 10631, '2014-08-14', 41, 8, 75, 8, '7.75', '0.10', '50.40'),
(1012, 10632, '2014-08-14', 86, 8, 2, 30, '19.00', '0.05', '541.50'),
(1013, 10632, '2014-08-14', 86, 8, 33, 20, '2.50', '0.05', '38.00'),
(1014, 10633, '2014-08-15', 20, 7, 12, 36, '38.00', '0.15', '1162.80'),
(1015, 10633, '2014-08-15', 20, 7, 13, 13, '6.00', '0.15', '66.30'),
(1016, 10633, '2014-08-15', 20, 7, 26, 35, '31.23', '0.15', '922.25'),
(1017, 10633, '2014-08-15', 20, 7, 62, 80, '49.30', '0.15', '3332.00'),
(1018, 10634, '2014-08-15', 23, 4, 7, 35, '30.00', '0.00', '1050.00'),
(1019, 10634, '2014-08-15', 23, 4, 18, 50, '62.50', '0.00', '3100.00'),
(1020, 10634, '2014-08-15', 23, 4, 51, 15, '53.00', '0.00', '795.00'),
(1021, 10634, '2014-08-15', 23, 4, 75, 2, '7.75', '0.00', '14.00'),
(1022, 10635, '2014-08-18', 49, 8, 4, 10, '22.00', '0.10', '198.00'),
(1023, 10635, '2014-08-18', 49, 8, 5, 15, '21.35', '0.10', '283.50'),
(1024, 10635, '2014-08-18', 49, 8, 22, 40, '21.00', '0.00', '840.00'),
(1025, 10636, '2014-08-19', 87, 4, 4, 25, '22.00', '0.00', '550.00'),
(1026, 10636, '2014-08-19', 87, 4, 58, 6, '13.25', '0.00', '78.00'),
(1027, 10637, '2014-08-19', 62, 6, 11, 10, '21.00', '0.00', '210.00'),
(1028, 10637, '2014-08-19', 62, 6, 50, 25, '16.25', '0.05', '380.00'),
(1029, 10637, '2014-08-19', 62, 6, 56, 60, '38.00', '0.05', '2166.00'),
(1030, 10638, '2014-08-20', 47, 3, 45, 20, '9.50', '0.00', '180.00'),
(1031, 10638, '2014-08-20', 47, 3, 65, 21, '21.05', '0.00', '441.00'),
(1032, 10638, '2014-08-20', 47, 3, 72, 60, '34.80', '0.00', '2040.00'),
(1033, 10639, '2014-08-20', 70, 7, 18, 8, '62.50', '0.00', '496.00'),
(1034, 10640, '2014-08-21', 86, 4, 69, 20, '36.00', '0.25', '540.00'),
(1035, 10640, '2014-08-21', 86, 4, 70, 15, '15.00', '0.25', '168.75'),
(1036, 10641, '2014-08-22', 35, 4, 2, 50, '19.00', '0.00', '950.00'),
(1037, 10641, '2014-08-22', 35, 4, 40, 60, '18.40', '0.00', '1080.00'),
(1038, 10642, '2014-08-22', 73, 7, 21, 30, '10.00', '0.20', '240.00'),
(1039, 10642, '2014-08-22', 73, 7, 61, 20, '28.50', '0.20', '448.00'),
(1040, 10643, '2014-08-25', 1, 6, 28, 15, '45.60', '0.25', '506.25'),
(1041, 10643, '2014-08-25', 1, 6, 39, 21, '18.00', '0.25', '283.50'),
(1042, 10643, '2014-08-25', 1, 6, 46, 2, '12.00', '0.25', '18.00'),
(1043, 10644, '2014-08-25', 88, 3, 18, 4, '62.50', '0.10', '223.20'),
(1044, 10644, '2014-08-25', 88, 3, 43, 20, '46.00', '0.00', '920.00'),
(1045, 10644, '2014-08-25', 88, 3, 46, 21, '12.00', '0.10', '226.80'),
(1046, 10645, '2014-08-26', 34, 4, 18, 20, '62.50', '0.00', '1240.00'),
(1047, 10645, '2014-08-26', 34, 4, 36, 15, '19.00', '0.00', '285.00'),
(1048, 10646, '2014-08-27', 37, 9, 1, 15, '18.00', '0.25', '202.50'),
(1049, 10646, '2014-08-27', 37, 9, 10, 18, '31.00', '0.25', '418.50'),
(1050, 10646, '2014-08-27', 37, 9, 71, 30, '21.50', '0.25', '472.50'),
(1051, 10646, '2014-08-27', 37, 9, 77, 35, '13.00', '0.25', '341.25'),
(1052, 10647, '2014-08-27', 61, 4, 19, 30, '9.20', '0.00', '270.00'),
(1053, 10647, '2014-08-27', 61, 4, 39, 20, '18.00', '0.00', '360.00'),
(1054, 10648, '2014-08-28', 67, 5, 22, 15, '21.00', '0.00', '315.00'),
(1055, 10648, '2014-08-28', 67, 5, 24, 15, '4.50', '0.15', '51.00'),
(1056, 10649, '2014-08-28', 50, 5, 28, 20, '45.60', '0.00', '900.00'),
(1057, 10649, '2014-08-28', 50, 5, 72, 15, '34.80', '0.00', '510.00'),
(1058, 10650, '2014-08-29', 21, 5, 30, 30, '25.89', '0.00', '750.00'),
(1059, 10650, '2014-08-29', 21, 5, 53, 25, '32.80', '0.05', '760.00'),
(1060, 10650, '2014-08-29', 21, 5, 54, 30, '7.45', '0.00', '210.00'),
(1061, 10651, '2014-09-01', 86, 8, 19, 12, '9.20', '0.25', '81.00'),
(1062, 10651, '2014-09-01', 86, 8, 22, 20, '21.00', '0.25', '315.00'),
(1063, 10652, '2014-09-01', 31, 4, 30, 2, '25.89', '0.25', '37.50'),
(1064, 10652, '2014-09-01', 31, 4, 42, 20, '14.00', '0.00', '280.00'),
(1065, 10653, '2014-09-02', 25, 1, 16, 30, '17.45', '0.10', '459.00'),
(1066, 10653, '2014-09-02', 25, 1, 60, 20, '34.00', '0.10', '612.00'),
(1067, 10654, '2014-09-02', 5, 5, 4, 12, '22.00', '0.10', '237.60'),
(1068, 10654, '2014-09-02', 5, 5, 39, 20, '18.00', '0.10', '324.00'),
(1069, 10654, '2014-09-02', 5, 5, 54, 6, '7.45', '0.10', '37.80'),
(1070, 10655, '2014-09-03', 66, 1, 41, 20, '9.65', '0.20', '144.00'),
(1071, 10656, '2014-09-04', 32, 6, 14, 3, '23.25', '0.10', '62.10'),
(1072, 10656, '2014-09-04', 32, 6, 44, 28, '19.45', '0.10', '478.80'),
(1073, 10656, '2014-09-04', 32, 6, 47, 6, '9.50', '0.10', '48.60'),
(1074, 10657, '2014-09-04', 71, 2, 15, 50, '15.50', '0.00', '750.00'),
(1075, 10657, '2014-09-04', 71, 2, 41, 24, '9.65', '0.00', '216.00'),
(1076, 10657, '2014-09-04', 71, 2, 46, 45, '12.00', '0.00', '540.00'),
(1077, 10657, '2014-09-04', 71, 2, 47, 10, '9.50', '0.00', '90.00'),
(1078, 10657, '2014-09-04', 71, 2, 56, 45, '38.00', '0.00', '1710.00'),
(1079, 10657, '2014-09-04', 71, 2, 60, 30, '34.00', '0.00', '1020.00'),
(1080, 10658, '2014-09-05', 63, 4, 21, 60, '10.00', '0.00', '600.00'),
(1081, 10658, '2014-09-05', 63, 4, 40, 70, '18.40', '0.05', '1197.00'),
(1082, 10658, '2014-09-05', 63, 4, 60, 55, '34.00', '0.05', '1776.50'),
(1083, 10658, '2014-09-05', 63, 4, 77, 70, '13.00', '0.05', '864.50'),
(1084, 10659, '2014-09-05', 62, 7, 31, 20, '12.50', '0.05', '228.00'),
(1085, 10659, '2014-09-05', 62, 7, 40, 24, '18.40', '0.05', '410.40'),
(1086, 10659, '2014-09-05', 62, 7, 70, 40, '15.00', '0.05', '570.00'),
(1087, 10660, '2014-09-08', 36, 8, 20, 21, '81.00', '0.00', '1701.00'),
(1088, 10661, '2014-09-09', 37, 7, 39, 3, '18.00', '0.20', '43.20'),
(1089, 10661, '2014-09-09', 37, 7, 58, 49, '13.25', '0.20', '509.60'),
(1090, 10662, '2014-09-09', 48, 3, 68, 10, '12.50', '0.00', '120.00'),
(1091, 10663, '2014-09-10', 9, 2, 40, 30, '18.40', '0.05', '513.00'),
(1092, 10663, '2014-09-10', 9, 2, 42, 30, '14.00', '0.05', '399.00'),
(1093, 10663, '2014-09-10', 9, 2, 51, 20, '53.00', '0.05', '1007.00'),
(1094, 10664, '2014-09-10', 28, 1, 10, 24, '31.00', '0.15', '632.40'),
(1095, 10664, '2014-09-10', 28, 1, 56, 12, '38.00', '0.15', '387.60'),
(1096, 10664, '2014-09-10', 28, 1, 65, 15, '21.05', '0.15', '267.75'),
(1097, 10665, '2014-09-11', 48, 1, 51, 20, '53.00', '0.00', '1060.00'),
(1098, 10665, '2014-09-11', 48, 1, 59, 1, '55.00', '0.00', '55.00'),
(1099, 10665, '2014-09-11', 48, 1, 76, 10, '18.00', '0.00', '180.00'),
(1100, 10666, '2014-09-12', 68, 7, 29, 36, '123.79', '0.00', '4428.00'),
(1101, 10666, '2014-09-12', 68, 7, 65, 10, '21.05', '0.00', '210.00'),
(1102, 10667, '2014-09-12', 20, 7, 69, 45, '36.00', '0.20', '1296.00'),
(1103, 10667, '2014-09-12', 20, 7, 71, 14, '21.50', '0.20', '235.20'),
(1104, 10668, '2014-09-15', 86, 1, 31, 8, '12.50', '0.10', '86.40'),
(1105, 10668, '2014-09-15', 86, 1, 55, 4, '24.00', '0.10', '86.40'),
(1106, 10668, '2014-09-15', 86, 1, 64, 15, '33.25', '0.10', '445.50'),
(1107, 10669, '2014-09-15', 73, 2, 36, 30, '19.00', '0.00', '570.00'),
(1108, 10670, '2014-09-16', 25, 4, 23, 32, '9.00', '0.00', '288.00'),
(1109, 10670, '2014-09-16', 25, 4, 46, 60, '12.00', '0.00', '720.00'),
(1110, 10670, '2014-09-16', 25, 4, 67, 25, '14.00', '0.00', '350.00'),
(1111, 10670, '2014-09-16', 25, 4, 73, 50, '15.00', '0.00', '750.00'),
(1112, 10670, '2014-09-16', 25, 4, 75, 25, '7.75', '0.00', '175.00'),
(1113, 10671, '2014-09-17', 26, 1, 16, 10, '17.45', '0.00', '170.00'),
(1114, 10671, '2014-09-17', 26, 1, 62, 10, '49.30', '0.00', '490.00'),
(1115, 10671, '2014-09-17', 26, 1, 65, 12, '21.05', '0.00', '252.00'),
(1116, 10672, '2014-09-17', 5, 9, 38, 15, '263.50', '0.10', '3550.50'),
(1117, 10672, '2014-09-17', 5, 9, 71, 12, '21.50', '0.00', '252.00'),
(1118, 10673, '2014-09-18', 90, 2, 16, 3, '17.45', '0.00', '51.00'),
(1119, 10673, '2014-09-18', 90, 2, 42, 6, '14.00', '0.00', '84.00'),
(1120, 10673, '2014-09-18', 90, 2, 43, 6, '46.00', '0.00', '276.00'),
(1121, 10674, '2014-09-18', 38, 4, 23, 5, '9.00', '0.00', '45.00'),
(1122, 10675, '2014-09-19', 25, 5, 14, 30, '23.25', '0.00', '690.00'),
(1123, 10675, '2014-09-19', 25, 5, 53, 10, '32.80', '0.00', '320.00'),
(1124, 10675, '2014-09-19', 25, 5, 58, 30, '13.25', '0.00', '390.00'),
(1125, 10676, '2014-09-22', 80, 2, 10, 2, '31.00', '0.00', '62.00'),
(1126, 10676, '2014-09-22', 80, 2, 19, 7, '9.20', '0.00', '63.00'),
(1127, 10676, '2014-09-22', 80, 2, 44, 21, '19.45', '0.00', '399.00'),
(1128, 10677, '2014-09-22', 3, 1, 26, 30, '31.23', '0.15', '790.50'),
(1129, 10677, '2014-09-22', 3, 1, 33, 8, '2.50', '0.15', '13.60'),
(1130, 10678, '2014-09-23', 71, 7, 12, 100, '38.00', '0.00', '3800.00'),
(1131, 10678, '2014-09-23', 71, 7, 33, 30, '2.50', '0.00', '60.00'),
(1132, 10678, '2014-09-23', 71, 7, 41, 120, '9.65', '0.00', '1080.00'),
(1133, 10678, '2014-09-23', 71, 7, 54, 30, '7.45', '0.00', '210.00'),
(1134, 10679, '2014-09-23', 7, 8, 59, 12, '55.00', '0.00', '660.00'),
(1135, 10680, '2014-09-24', 55, 1, 16, 50, '17.45', '0.25', '637.50'),
(1136, 10680, '2014-09-24', 55, 1, 31, 20, '12.50', '0.25', '180.00'),
(1137, 10680, '2014-09-24', 55, 1, 42, 40, '14.00', '0.25', '420.00'),
(1138, 10681, '2014-09-25', 32, 3, 19, 30, '9.20', '0.10', '243.00'),
(1139, 10681, '2014-09-25', 32, 3, 21, 12, '10.00', '0.10', '108.00'),
(1140, 10681, '2014-09-25', 32, 3, 64, 28, '33.25', '0.00', '924.00'),
(1141, 10682, '2014-09-25', 3, 3, 33, 30, '2.50', '0.00', '60.00'),
(1142, 10682, '2014-09-25', 3, 3, 66, 4, '17.00', '0.00', '68.00'),
(1143, 10682, '2014-09-25', 3, 3, 75, 30, '7.75', '0.00', '210.00'),
(1144, 10683, '2014-09-26', 18, 2, 52, 9, '7.00', '0.00', '63.00'),
(1145, 10684, '2014-09-26', 56, 3, 40, 20, '18.40', '0.00', '360.00'),
(1146, 10684, '2014-09-26', 56, 3, 47, 40, '9.50', '0.00', '360.00'),
(1147, 10684, '2014-09-26', 56, 3, 60, 30, '34.00', '0.00', '1020.00'),
(1148, 10685, '2014-09-29', 31, 4, 10, 20, '31.00', '0.00', '620.00'),
(1149, 10685, '2014-09-29', 31, 4, 41, 4, '9.65', '0.00', '36.00'),
(1150, 10685, '2014-09-29', 31, 4, 47, 15, '9.50', '0.00', '135.00'),
(1151, 10686, '2014-09-30', 59, 2, 17, 30, '39.00', '0.20', '936.00'),
(1152, 10686, '2014-09-30', 59, 2, 26, 15, '31.23', '0.00', '465.00'),
(1153, 10687, '2014-09-30', 37, 9, 9, 50, '97.00', '0.25', '3637.50'),
(1154, 10687, '2014-09-30', 37, 9, 29, 10, '123.79', '0.00', '1230.00'),
(1155, 10687, '2014-09-30', 37, 9, 36, 6, '19.00', '0.25', '85.50'),
(1156, 10688, '2014-10-01', 83, 4, 10, 18, '31.00', '0.10', '502.20'),
(1157, 10688, '2014-10-01', 83, 4, 28, 60, '45.60', '0.10', '2430.00'),
(1158, 10688, '2014-10-01', 83, 4, 34, 14, '14.00', '0.00', '196.00'),
(1159, 10689, '2014-10-01', 5, 1, 1, 35, '18.00', '0.25', '472.50'),
(1160, 10690, '2014-10-02', 34, 1, 56, 20, '38.00', '0.25', '570.00'),
(1161, 10690, '2014-10-02', 34, 1, 77, 30, '13.00', '0.25', '292.50'),
(1162, 10691, '2014-10-03', 63, 2, 1, 30, '18.00', '0.00', '540.00'),
(1163, 10691, '2014-10-03', 63, 2, 29, 40, '123.79', '0.00', '4920.00'),
(1164, 10691, '2014-10-03', 63, 2, 43, 40, '46.00', '0.00', '1840.00'),
(1165, 10691, '2014-10-03', 63, 2, 44, 24, '19.45', '0.00', '456.00'),
(1166, 10691, '2014-10-03', 63, 2, 62, 48, '49.30', '0.00', '2352.00'),
(1167, 10692, '2014-10-03', 1, 4, 63, 20, '43.90', '0.00', '860.00'),
(1168, 10693, '2014-10-06', 89, 3, 9, 6, '97.00', '0.00', '582.00'),
(1169, 10693, '2014-10-06', 89, 3, 54, 60, '7.45', '0.15', '357.00'),
(1170, 10693, '2014-10-06', 89, 3, 69, 30, '36.00', '0.15', '918.00'),
(1171, 10693, '2014-10-06', 89, 3, 73, 15, '15.00', '0.15', '191.25'),
(1172, 10694, '2014-10-06', 63, 8, 7, 90, '30.00', '0.00', '2700.00'),
(1173, 10694, '2014-10-06', 63, 8, 59, 25, '55.00', '0.00', '1375.00'),
(1174, 10694, '2014-10-06', 63, 8, 70, 50, '15.00', '0.00', '750.00'),
(1175, 10695, '2014-10-07', 90, 7, 8, 10, '40.00', '0.00', '400.00'),
(1176, 10695, '2014-10-07', 90, 7, 12, 4, '38.00', '0.00', '152.00'),
(1177, 10695, '2014-10-07', 90, 7, 24, 20, '4.50', '0.00', '80.00'),
(1178, 10696, '2014-10-08', 89, 8, 17, 20, '39.00', '0.00', '780.00'),
(1179, 10696, '2014-10-08', 89, 8, 46, 18, '12.00', '0.00', '216.00'),
(1180, 10697, '2014-10-08', 47, 3, 19, 7, '9.20', '0.25', '47.25'),
(1181, 10697, '2014-10-08', 47, 3, 35, 9, '18.00', '0.25', '121.50'),
(1182, 10697, '2014-10-08', 47, 3, 58, 30, '13.25', '0.25', '292.50'),
(1183, 10697, '2014-10-08', 47, 3, 70, 30, '15.00', '0.25', '337.50'),
(1184, 10698, '2014-10-09', 20, 4, 11, 15, '21.00', '0.00', '315.00'),
(1185, 10698, '2014-10-09', 20, 4, 17, 8, '39.00', '0.05', '296.40'),
(1186, 10698, '2014-10-09', 20, 4, 29, 12, '123.79', '0.05', '1402.20'),
(1187, 10698, '2014-10-09', 20, 4, 65, 65, '21.05', '0.05', '1296.75'),
(1188, 10698, '2014-10-09', 20, 4, 70, 8, '15.00', '0.05', '114.00'),
(1189, 10699, '2014-10-09', 52, 3, 47, 12, '9.50', '0.00', '108.00'),
(1190, 10700, '2014-10-10', 71, 3, 1, 5, '18.00', '0.20', '72.00'),
(1191, 10700, '2014-10-10', 71, 3, 34, 12, '14.00', '0.20', '134.40'),
(1192, 10700, '2014-10-10', 71, 3, 68, 40, '12.50', '0.20', '384.00'),
(1193, 10700, '2014-10-10', 71, 3, 71, 60, '21.50', '0.20', '1008.00'),
(1194, 10701, '2014-10-13', 37, 6, 59, 42, '55.00', '0.15', '1963.50'),
(1195, 10701, '2014-10-13', 37, 6, 71, 20, '21.50', '0.15', '357.00'),
(1196, 10701, '2014-10-13', 37, 6, 76, 35, '18.00', '0.15', '535.50'),
(1197, 10702, '2014-10-13', 1, 4, 3, 6, '10.00', '0.00', '60.00'),
(1198, 10702, '2014-10-13', 1, 4, 76, 15, '18.00', '0.00', '270.00'),
(1199, 10703, '2014-10-14', 24, 6, 2, 5, '19.00', '0.00', '95.00'),
(1200, 10703, '2014-10-14', 24, 6, 59, 35, '55.00', '0.00', '1925.00'),
(1201, 10703, '2014-10-14', 24, 6, 73, 35, '15.00', '0.00', '525.00'),
(1202, 10704, '2014-10-14', 62, 6, 4, 6, '22.00', '0.00', '132.00'),
(1203, 10704, '2014-10-14', 62, 6, 24, 35, '4.50', '0.00', '140.00'),
(1204, 10704, '2014-10-14', 62, 6, 48, 24, '12.75', '0.00', '288.00'),
(1205, 10705, '2014-10-15', 35, 9, 31, 20, '12.50', '0.00', '240.00'),
(1206, 10705, '2014-10-15', 35, 9, 32, 4, '32.00', '0.00', '128.00'),
(1207, 10706, '2014-10-16', 55, 8, 16, 20, '17.45', '0.00', '340.00'),
(1208, 10706, '2014-10-16', 55, 8, 43, 24, '46.00', '0.00', '1104.00'),
(1209, 10706, '2014-10-16', 55, 8, 59, 8, '55.00', '0.00', '440.00'),
(1210, 10707, '2014-10-16', 4, 4, 55, 21, '24.00', '0.00', '504.00'),
(1211, 10707, '2014-10-16', 4, 4, 57, 40, '19.50', '0.00', '760.00'),
(1212, 10707, '2014-10-16', 4, 4, 70, 28, '15.00', '0.15', '357.00'),
(1213, 10708, '2014-10-17', 77, 6, 5, 4, '21.35', '0.00', '84.00'),
(1214, 10708, '2014-10-17', 77, 6, 36, 5, '19.00', '0.00', '95.00'),
(1215, 10709, '2014-10-17', 31, 1, 8, 40, '40.00', '0.00', '1600.00'),
(1216, 10709, '2014-10-17', 31, 1, 51, 28, '53.00', '0.00', '1484.00'),
(1217, 10709, '2014-10-17', 31, 1, 60, 10, '34.00', '0.00', '340.00'),
(1218, 10710, '2014-10-20', 27, 1, 19, 5, '9.20', '0.00', '45.00'),
(1219, 10710, '2014-10-20', 27, 1, 47, 5, '9.50', '0.00', '45.00'),
(1220, 10711, '2014-10-21', 71, 5, 19, 12, '9.20', '0.00', '108.00'),
(1221, 10711, '2014-10-21', 71, 5, 41, 42, '9.65', '0.00', '378.00'),
(1222, 10711, '2014-10-21', 71, 5, 53, 120, '32.80', '0.00', '3840.00'),
(1223, 10712, '2014-10-21', 37, 3, 53, 3, '32.80', '0.05', '91.20'),
(1224, 10712, '2014-10-21', 37, 3, 56, 30, '38.00', '0.00', '1140.00'),
(1225, 10713, '2014-10-22', 71, 1, 10, 18, '31.00', '0.00', '558.00'),
(1226, 10713, '2014-10-22', 71, 1, 26, 30, '31.23', '0.00', '930.00'),
(1227, 10713, '2014-10-22', 71, 1, 45, 110, '9.50', '0.00', '990.00'),
(1228, 10713, '2014-10-22', 71, 1, 46, 24, '12.00', '0.00', '288.00'),
(1229, 10714, '2014-10-22', 71, 5, 2, 30, '19.00', '0.25', '427.50'),
(1230, 10714, '2014-10-22', 71, 5, 17, 27, '39.00', '0.25', '789.75'),
(1231, 10714, '2014-10-22', 71, 5, 47, 50, '9.50', '0.25', '337.50'),
(1232, 10714, '2014-10-22', 71, 5, 56, 18, '38.00', '0.25', '513.00'),
(1233, 10714, '2014-10-22', 71, 5, 58, 12, '13.25', '0.25', '117.00'),
(1234, 10715, '2014-10-23', 9, 3, 10, 21, '31.00', '0.00', '651.00'),
(1235, 10715, '2014-10-23', 9, 3, 71, 30, '21.50', '0.00', '630.00'),
(1236, 10716, '2014-10-24', 64, 4, 21, 5, '10.00', '0.00', '50.00'),
(1237, 10716, '2014-10-24', 64, 4, 51, 7, '53.00', '0.00', '371.00'),
(1238, 10716, '2014-10-24', 64, 4, 61, 10, '28.50', '0.00', '280.00'),
(1239, 10717, '2014-10-24', 25, 1, 21, 32, '10.00', '0.05', '304.00'),
(1240, 10717, '2014-10-24', 25, 1, 54, 15, '7.45', '0.00', '105.00'),
(1241, 10717, '2014-10-24', 25, 1, 69, 25, '36.00', '0.05', '855.00'),
(1242, 10718, '2014-10-27', 39, 1, 12, 36, '38.00', '0.00', '1368.00'),
(1243, 10718, '2014-10-27', 39, 1, 16, 20, '17.45', '0.00', '340.00'),
(1244, 10718, '2014-10-27', 39, 1, 36, 40, '19.00', '0.00', '760.00'),
(1245, 10718, '2014-10-27', 39, 1, 62, 20, '49.30', '0.00', '980.00'),
(1246, 10719, '2014-10-27', 45, 8, 18, 12, '62.50', '0.25', '558.00'),
(1247, 10719, '2014-10-27', 45, 8, 30, 3, '25.89', '0.25', '56.25'),
(1248, 10719, '2014-10-27', 45, 8, 54, 40, '7.45', '0.25', '210.00'),
(1249, 10720, '2014-10-28', 61, 8, 35, 21, '18.00', '0.00', '378.00'),
(1250, 10720, '2014-10-28', 61, 8, 71, 8, '21.50', '0.00', '168.00'),
(1251, 10721, '2014-10-29', 63, 5, 44, 50, '19.45', '0.05', '902.50'),
(1252, 10722, '2014-10-29', 71, 8, 2, 3, '19.00', '0.00', '57.00'),
(1253, 10722, '2014-10-29', 71, 8, 31, 50, '12.50', '0.00', '600.00'),
(1254, 10722, '2014-10-29', 71, 8, 68, 45, '12.50', '0.00', '540.00'),
(1255, 10722, '2014-10-29', 71, 8, 75, 42, '7.75', '0.00', '294.00'),
(1256, 10723, '2014-10-30', 89, 3, 26, 15, '31.23', '0.00', '465.00'),
(1257, 10724, '2014-10-30', 51, 8, 10, 16, '31.00', '0.00', '496.00'),
(1258, 10724, '2014-10-30', 51, 8, 61, 5, '28.50', '0.00', '140.00'),
(1259, 10725, '2014-10-31', 21, 4, 41, 12, '9.65', '0.00', '108.00'),
(1260, 10725, '2014-10-31', 21, 4, 52, 4, '7.00', '0.00', '28.00'),
(1261, 10725, '2014-10-31', 21, 4, 55, 6, '24.00', '0.00', '144.00'),
(1262, 10726, '2014-11-03', 19, 4, 4, 25, '22.00', '0.00', '550.00'),
(1263, 10726, '2014-11-03', 19, 4, 11, 5, '21.00', '0.00', '105.00'),
(1264, 10727, '2014-11-03', 66, 2, 17, 20, '39.00', '0.05', '741.00'),
(1265, 10727, '2014-11-03', 66, 2, 56, 10, '38.00', '0.05', '361.00'),
(1266, 10727, '2014-11-03', 66, 2, 59, 10, '55.00', '0.05', '522.50'),
(1267, 10728, '2014-11-04', 62, 4, 30, 15, '25.89', '0.00', '375.00'),
(1268, 10728, '2014-11-04', 62, 4, 40, 6, '18.40', '0.00', '108.00'),
(1269, 10728, '2014-11-04', 62, 4, 55, 12, '24.00', '0.00', '288.00'),
(1270, 10728, '2014-11-04', 62, 4, 60, 15, '34.00', '0.00', '510.00'),
(1271, 10729, '2014-11-04', 47, 8, 1, 50, '18.00', '0.00', '900.00'),
(1272, 10729, '2014-11-04', 47, 8, 21, 30, '10.00', '0.00', '300.00'),
(1273, 10729, '2014-11-04', 47, 8, 50, 40, '16.25', '0.00', '640.00'),
(1274, 10730, '2014-11-05', 9, 5, 16, 15, '17.45', '0.05', '242.25'),
(1275, 10730, '2014-11-05', 9, 5, 31, 3, '12.50', '0.05', '34.20'),
(1276, 10730, '2014-11-05', 9, 5, 65, 10, '21.05', '0.05', '199.50'),
(1277, 10731, '2014-11-06', 14, 7, 21, 40, '10.00', '0.05', '380.00'),
(1278, 10731, '2014-11-06', 14, 7, 51, 30, '53.00', '0.05', '1510.50'),
(1279, 10732, '2014-11-06', 9, 3, 76, 20, '18.00', '0.00', '360.00'),
(1280, 10733, '2014-11-07', 5, 1, 14, 16, '23.25', '0.00', '368.00'),
(1281, 10733, '2014-11-07', 5, 1, 28, 20, '45.60', '0.00', '900.00'),
(1282, 10733, '2014-11-07', 5, 1, 52, 25, '7.00', '0.00', '175.00'),
(1283, 10734, '2014-11-07', 31, 2, 6, 30, '25.00', '0.00', '750.00'),
(1284, 10734, '2014-11-07', 31, 2, 30, 15, '25.89', '0.00', '375.00'),
(1285, 10734, '2014-11-07', 31, 2, 76, 20, '18.00', '0.00', '360.00'),
(1286, 10735, '2014-11-10', 45, 6, 61, 20, '28.50', '0.10', '504.00'),
(1287, 10735, '2014-11-10', 45, 6, 77, 2, '13.00', '0.10', '23.40'),
(1288, 10736, '2014-11-11', 37, 9, 65, 40, '21.05', '0.00', '840.00'),
(1289, 10736, '2014-11-11', 37, 9, 75, 20, '7.75', '0.00', '140.00'),
(1290, 10737, '2014-11-11', 85, 2, 13, 4, '6.00', '0.00', '24.00'),
(1291, 10737, '2014-11-11', 85, 2, 41, 12, '9.65', '0.00', '108.00'),
(1292, 10738, '2014-11-12', 74, 2, 16, 3, '17.45', '0.00', '51.00'),
(1293, 10739, '2014-11-12', 85, 3, 36, 6, '19.00', '0.00', '114.00'),
(1294, 10739, '2014-11-12', 85, 3, 52, 18, '7.00', '0.00', '126.00'),
(1295, 10740, '2014-11-13', 89, 4, 28, 5, '45.60', '0.20', '180.00'),
(1296, 10740, '2014-11-13', 89, 4, 35, 35, '18.00', '0.20', '504.00'),
(1297, 10740, '2014-11-13', 89, 4, 45, 40, '9.50', '0.20', '288.00'),
(1298, 10740, '2014-11-13', 89, 4, 56, 14, '38.00', '0.20', '425.60'),
(1299, 10741, '2014-11-14', 4, 4, 2, 15, '19.00', '0.20', '228.00'),
(1300, 10742, '2014-11-14', 10, 3, 3, 20, '10.00', '0.00', '200.00'),
(1301, 10742, '2014-11-14', 10, 3, 60, 50, '34.00', '0.00', '1700.00'),
(1302, 10742, '2014-11-14', 10, 3, 72, 35, '34.80', '0.00', '1190.00'),
(1303, 10743, '2014-11-17', 4, 1, 46, 28, '12.00', '0.05', '319.20'),
(1304, 10744, '2014-11-17', 83, 6, 40, 50, '18.40', '0.20', '720.00'),
(1305, 10745, '2014-11-18', 63, 9, 18, 24, '62.50', '0.00', '1488.00'),
(1306, 10745, '2014-11-18', 63, 9, 44, 16, '19.45', '0.00', '304.00'),
(1307, 10745, '2014-11-18', 63, 9, 59, 45, '55.00', '0.00', '2475.00'),
(1308, 10745, '2014-11-18', 63, 9, 72, 7, '34.80', '0.00', '238.00'),
(1309, 10746, '2014-11-19', 14, 1, 13, 6, '6.00', '0.00', '36.00'),
(1310, 10746, '2014-11-19', 14, 1, 42, 28, '14.00', '0.00', '392.00'),
(1311, 10746, '2014-11-19', 14, 1, 62, 9, '49.30', '0.00', '441.00'),
(1312, 10746, '2014-11-19', 14, 1, 69, 40, '36.00', '0.00', '1440.00'),
(1313, 10747, '2014-11-19', 59, 6, 31, 8, '12.50', '0.00', '96.00'),
(1314, 10747, '2014-11-19', 59, 6, 41, 35, '9.65', '0.00', '315.00'),
(1315, 10747, '2014-11-19', 59, 6, 63, 9, '43.90', '0.00', '387.00'),
(1316, 10747, '2014-11-19', 59, 6, 69, 30, '36.00', '0.00', '1080.00'),
(1317, 10748, '2014-11-20', 71, 3, 23, 44, '9.00', '0.00', '396.00'),
(1318, 10748, '2014-11-20', 71, 3, 40, 40, '18.40', '0.00', '720.00'),
(1319, 10748, '2014-11-20', 71, 3, 56, 28, '38.00', '0.00', '1064.00'),
(1320, 10749, '2014-11-20', 38, 4, 56, 15, '38.00', '0.00', '570.00'),
(1321, 10749, '2014-11-20', 38, 4, 59, 6, '55.00', '0.00', '330.00'),
(1322, 10749, '2014-11-20', 38, 4, 76, 10, '18.00', '0.00', '180.00'),
(1323, 10750, '2014-11-21', 87, 9, 14, 5, '23.25', '0.15', '97.75'),
(1324, 10750, '2014-11-21', 87, 9, 45, 40, '9.50', '0.15', '306.00'),
(1325, 10750, '2014-11-21', 87, 9, 59, 25, '55.00', '0.15', '1168.75'),
(1326, 10751, '2014-11-24', 68, 3, 26, 12, '31.23', '0.10', '334.80'),
(1327, 10751, '2014-11-24', 68, 3, 30, 30, '25.89', '0.00', '750.00'),
(1328, 10751, '2014-11-24', 68, 3, 50, 20, '16.25', '0.10', '288.00'),
(1329, 10751, '2014-11-24', 68, 3, 73, 15, '15.00', '0.00', '225.00'),
(1330, 10752, '2014-11-24', 53, 2, 1, 8, '18.00', '0.00', '144.00'),
(1331, 10752, '2014-11-24', 53, 2, 69, 3, '36.00', '0.00', '108.00'),
(1332, 10753, '2014-11-25', 27, 3, 45, 4, '9.50', '0.00', '36.00'),
(1333, 10753, '2014-11-25', 27, 3, 74, 5, '10.00', '0.00', '50.00'),
(1334, 10754, '2014-11-25', 49, 6, 40, 3, '18.40', '0.00', '54.00'),
(1335, 10755, '2014-11-26', 9, 4, 47, 30, '9.50', '0.25', '202.50'),
(1336, 10755, '2014-11-26', 9, 4, 56, 30, '38.00', '0.25', '855.00'),
(1337, 10755, '2014-11-26', 9, 4, 57, 14, '19.50', '0.25', '199.50'),
(1338, 10755, '2014-11-26', 9, 4, 69, 25, '36.00', '0.25', '675.00'),
(1339, 10756, '2014-11-27', 75, 8, 18, 21, '62.50', '0.20', '1041.60'),
(1340, 10756, '2014-11-27', 75, 8, 36, 20, '19.00', '0.20', '304.00'),
(1341, 10756, '2014-11-27', 75, 8, 68, 6, '12.50', '0.20', '57.60'),
(1342, 10756, '2014-11-27', 75, 8, 69, 20, '36.00', '0.20', '576.00'),
(1343, 10757, '2014-11-27', 71, 6, 34, 30, '14.00', '0.00', '420.00'),
(1344, 10757, '2014-11-27', 71, 6, 59, 7, '55.00', '0.00', '385.00'),
(1345, 10757, '2014-11-27', 71, 6, 62, 30, '49.30', '0.00', '1470.00'),
(1346, 10757, '2014-11-27', 71, 6, 64, 24, '33.25', '0.00', '792.00'),
(1347, 10758, '2014-11-28', 68, 3, 26, 20, '31.23', '0.00', '620.00'),
(1348, 10758, '2014-11-28', 68, 3, 52, 60, '7.00', '0.00', '420.00'),
(1349, 10758, '2014-11-28', 68, 3, 70, 40, '15.00', '0.00', '600.00'),
(1350, 10759, '2014-11-28', 2, 3, 32, 10, '32.00', '0.00', '320.00'),
(1351, 10760, '2014-12-01', 50, 4, 25, 12, '14.00', '0.25', '126.00'),
(1352, 10760, '2014-12-01', 50, 4, 27, 40, '43.90', '0.00', '1720.00'),
(1353, 10760, '2014-12-01', 50, 4, 43, 30, '46.00', '0.25', '1035.00'),
(1354, 10761, '2014-12-02', 65, 5, 25, 35, '14.00', '0.25', '367.50'),
(1355, 10761, '2014-12-02', 65, 5, 75, 18, '7.75', '0.00', '126.00'),
(1356, 10762, '2014-12-02', 24, 3, 39, 16, '18.00', '0.00', '288.00'),
(1357, 10762, '2014-12-02', 24, 3, 47, 30, '9.50', '0.00', '270.00'),
(1358, 10762, '2014-12-02', 24, 3, 51, 28, '53.00', '0.00', '1484.00'),
(1359, 10762, '2014-12-02', 24, 3, 56, 60, '38.00', '0.00', '2280.00'),
(1360, 10763, '2014-12-03', 23, 3, 21, 40, '10.00', '0.00', '400.00'),
(1361, 10763, '2014-12-03', 23, 3, 22, 6, '21.00', '0.00', '126.00'),
(1362, 10763, '2014-12-03', 23, 3, 24, 20, '4.50', '0.00', '80.00'),
(1363, 10764, '2014-12-03', 20, 6, 3, 20, '10.00', '0.10', '180.00'),
(1364, 10764, '2014-12-03', 20, 6, 39, 130, '18.00', '0.10', '2106.00'),
(1365, 10765, '2014-12-04', 63, 3, 65, 80, '21.05', '0.10', '1512.00'),
(1366, 10766, '2014-12-05', 56, 4, 2, 40, '19.00', '0.00', '760.00'),
(1367, 10766, '2014-12-05', 56, 4, 7, 35, '30.00', '0.00', '1050.00'),
(1368, 10766, '2014-12-05', 56, 4, 68, 40, '12.50', '0.00', '480.00'),
(1369, 10767, '2014-12-05', 76, 4, 42, 2, '14.00', '0.00', '28.00'),
(1370, 10768, '2014-12-08', 4, 3, 22, 4, '21.00', '0.00', '84.00'),
(1371, 10768, '2014-12-08', 4, 3, 31, 50, '12.50', '0.00', '600.00'),
(1372, 10768, '2014-12-08', 4, 3, 60, 15, '34.00', '0.00', '510.00'),
(1373, 10768, '2014-12-08', 4, 3, 71, 12, '21.50', '0.00', '252.00'),
(1374, 10769, '2014-12-08', 83, 3, 41, 30, '9.65', '0.05', '256.50'),
(1375, 10769, '2014-12-08', 83, 3, 52, 15, '7.00', '0.05', '99.75'),
(1376, 10769, '2014-12-08', 83, 3, 61, 20, '28.50', '0.00', '560.00'),
(1377, 10769, '2014-12-08', 83, 3, 62, 15, '49.30', '0.00', '735.00'),
(1378, 10770, '2014-12-09', 34, 8, 11, 15, '21.00', '0.25', '236.25'),
(1379, 10771, '2014-12-10', 20, 9, 71, 16, '21.50', '0.00', '336.00'),
(1380, 10772, '2014-12-10', 44, 3, 29, 18, '123.79', '0.00', '2214.00'),
(1381, 10772, '2014-12-10', 44, 3, 59, 25, '55.00', '0.00', '1375.00'),
(1382, 10773, '2014-12-11', 20, 1, 17, 33, '39.00', '0.00', '1287.00'),
(1383, 10773, '2014-12-11', 20, 1, 31, 70, '12.50', '0.20', '672.00'),
(1384, 10773, '2014-12-11', 20, 1, 75, 7, '7.75', '0.20', '39.20'),
(1385, 10774, '2014-12-11', 24, 4, 31, 2, '12.50', '0.25', '18.00'),
(1386, 10774, '2014-12-11', 24, 4, 66, 50, '17.00', '0.00', '850.00'),
(1387, 10775, '2014-12-12', 78, 7, 10, 6, '31.00', '0.00', '186.00'),
(1388, 10775, '2014-12-12', 78, 7, 67, 3, '14.00', '0.00', '42.00'),
(1389, 10776, '2014-12-15', 20, 1, 31, 16, '12.50', '0.05', '182.40'),
(1390, 10776, '2014-12-15', 20, 1, 42, 12, '14.00', '0.05', '159.60'),
(1391, 10776, '2014-12-15', 20, 1, 45, 27, '9.50', '0.05', '230.85'),
(1392, 10776, '2014-12-15', 20, 1, 51, 120, '53.00', '0.05', '6042.00'),
(1393, 10777, '2014-12-15', 31, 7, 42, 20, '14.00', '0.20', '224.00'),
(1394, 10778, '2014-12-16', 5, 3, 41, 10, '9.65', '0.00', '90.00'),
(1395, 10779, '2014-12-16', 52, 3, 16, 20, '17.45', '0.00', '340.00'),
(1396, 10779, '2014-12-16', 52, 3, 62, 20, '49.30', '0.00', '980.00'),
(1397, 10780, '2014-12-16', 46, 2, 70, 35, '15.00', '0.00', '525.00'),
(1398, 10780, '2014-12-16', 46, 2, 77, 15, '13.00', '0.00', '195.00'),
(1399, 10781, '2014-12-17', 87, 2, 54, 3, '7.45', '0.20', '16.80'),
(1400, 10781, '2014-12-17', 87, 2, 56, 20, '38.00', '0.20', '608.00'),
(1401, 10781, '2014-12-17', 87, 2, 74, 35, '10.00', '0.00', '350.00'),
(1402, 10782, '2014-12-17', 12, 9, 31, 1, '12.50', '0.00', '12.00'),
(1403, 10783, '2014-12-18', 34, 4, 31, 10, '12.50', '0.00', '120.00'),
(1404, 10783, '2014-12-18', 34, 4, 38, 5, '263.50', '0.00', '1315.00'),
(1405, 10784, '2014-12-18', 49, 4, 36, 30, '19.00', '0.00', '570.00'),
(1406, 10784, '2014-12-18', 49, 4, 39, 2, '18.00', '0.15', '30.60'),
(1407, 10784, '2014-12-18', 49, 4, 72, 30, '34.80', '0.15', '867.00'),
(1408, 10785, '2014-12-18', 33, 1, 10, 10, '31.00', '0.00', '310.00'),
(1409, 10785, '2014-12-18', 33, 1, 75, 10, '7.75', '0.00', '70.00'),
(1410, 10786, '2014-12-19', 62, 8, 8, 30, '40.00', '0.20', '960.00'),
(1411, 10786, '2014-12-19', 62, 8, 30, 15, '25.89', '0.20', '300.00'),
(1412, 10786, '2014-12-19', 62, 8, 75, 42, '7.75', '0.20', '235.20'),
(1413, 10787, '2014-12-19', 41, 2, 2, 15, '19.00', '0.05', '270.75'),
(1414, 10787, '2014-12-19', 41, 2, 29, 20, '123.79', '0.05', '2337.00'),
(1415, 10788, '2014-12-22', 63, 1, 19, 50, '9.20', '0.05', '427.50'),
(1416, 10788, '2014-12-22', 63, 1, 75, 40, '7.75', '0.05', '266.00'),
(1417, 10789, '2014-12-22', 23, 1, 18, 30, '62.50', '0.00', '1860.00'),
(1418, 10789, '2014-12-22', 23, 1, 35, 15, '18.00', '0.00', '270.00'),
(1419, 10789, '2014-12-22', 23, 1, 63, 30, '43.90', '0.00', '1290.00'),
(1420, 10789, '2014-12-22', 23, 1, 68, 18, '12.50', '0.00', '216.00'),
(1421, 10790, '2014-12-22', 31, 6, 7, 3, '30.00', '0.15', '76.50'),
(1422, 10790, '2014-12-22', 31, 6, 56, 20, '38.00', '0.15', '646.00'),
(1423, 10791, '2014-12-23', 25, 6, 29, 14, '123.79', '0.05', '1635.90'),
(1424, 10791, '2014-12-23', 25, 6, 41, 20, '9.65', '0.05', '171.00'),
(1425, 10792, '2014-12-23', 91, 1, 2, 10, '19.00', '0.00', '190.00'),
(1426, 10792, '2014-12-23', 91, 1, 54, 3, '7.45', '0.00', '21.00'),
(1427, 10792, '2014-12-23', 91, 1, 68, 15, '12.50', '0.00', '180.00'),
(1428, 10793, '2014-12-24', 4, 3, 41, 14, '9.65', '0.00', '126.00'),
(1429, 10793, '2014-12-24', 4, 3, 52, 8, '7.00', '0.00', '56.00'),
(1430, 10794, '2014-12-24', 61, 6, 14, 15, '23.25', '0.20', '276.00'),
(1431, 10794, '2014-12-24', 61, 6, 54, 6, '7.45', '0.20', '33.60'),
(1432, 10795, '2014-12-24', 20, 8, 16, 65, '17.45', '0.00', '1105.00'),
(1433, 10795, '2014-12-24', 20, 8, 17, 35, '39.00', '0.25', '1023.75'),
(1434, 10796, '2014-12-25', 35, 3, 26, 21, '31.23', '0.20', '520.80'),
(1435, 10796, '2014-12-25', 35, 3, 44, 10, '19.45', '0.00', '190.00'),
(1436, 10796, '2014-12-25', 35, 3, 64, 35, '33.25', '0.20', '924.00'),
(1437, 10796, '2014-12-25', 35, 3, 69, 24, '36.00', '0.20', '691.20'),
(1438, 10797, '2014-12-25', 17, 7, 11, 20, '21.00', '0.00', '420.00'),
(1439, 10798, '2014-12-26', 38, 2, 62, 2, '49.30', '0.00', '98.00'),
(1440, 10798, '2014-12-26', 38, 2, 72, 10, '34.80', '0.00', '340.00'),
(1441, 10799, '2014-12-26', 39, 9, 13, 20, '6.00', '0.15', '102.00'),
(1442, 10799, '2014-12-26', 39, 9, 24, 20, '4.50', '0.15', '68.00'),
(1443, 10799, '2014-12-26', 39, 9, 59, 25, '55.00', '0.00', '1375.00'),
(1444, 10800, '2014-12-26', 72, 1, 11, 50, '21.00', '0.10', '945.00'),
(1445, 10800, '2014-12-26', 72, 1, 51, 10, '53.00', '0.10', '477.00'),
(1446, 10800, '2014-12-26', 72, 1, 54, 7, '7.45', '0.10', '44.10'),
(1447, 10801, '2014-12-29', 8, 4, 17, 40, '39.00', '0.25', '1170.00'),
(1448, 10801, '2014-12-29', 8, 4, 29, 20, '123.79', '0.25', '1845.00'),
(1449, 10802, '2014-12-29', 73, 4, 30, 25, '25.89', '0.25', '468.75'),
(1450, 10802, '2014-12-29', 73, 4, 51, 30, '53.00', '0.25', '1192.50'),
(1451, 10802, '2014-12-29', 73, 4, 55, 60, '24.00', '0.25', '1080.00'),
(1452, 10802, '2014-12-29', 73, 4, 62, 5, '49.30', '0.25', '183.75'),
(1453, 10803, '2014-12-30', 88, 4, 19, 24, '9.20', '0.05', '205.20'),
(1454, 10803, '2014-12-30', 88, 4, 25, 15, '14.00', '0.05', '199.50'),
(1455, 10803, '2014-12-30', 88, 4, 59, 15, '55.00', '0.05', '783.75'),
(1456, 10804, '2014-12-30', 72, 6, 10, 36, '31.00', '0.00', '1116.00'),
(1457, 10804, '2014-12-30', 72, 6, 28, 24, '45.60', '0.00', '1080.00'),
(1458, 10804, '2014-12-30', 72, 6, 49, 4, '20.00', '0.15', '68.00'),
(1459, 10805, '2014-12-30', 77, 2, 34, 10, '14.00', '0.00', '140.00'),
(1460, 10805, '2014-12-30', 77, 2, 38, 10, '263.50', '0.00', '2630.00'),
(1461, 10806, '2014-12-31', 84, 3, 2, 20, '19.00', '0.25', '285.00'),
(1462, 10806, '2014-12-31', 84, 3, 65, 2, '21.05', '0.00', '42.00'),
(1463, 10806, '2014-12-31', 84, 3, 74, 15, '10.00', '0.25', '112.50'),
(1464, 10807, '2014-12-31', 27, 4, 40, 1, '18.40', '0.00', '18.00'),
(1465, 10808, '2015-01-01', 55, 2, 56, 20, '38.00', '0.15', '646.00'),
(1466, 10808, '2015-01-01', 55, 2, 76, 50, '18.00', '0.15', '765.00'),
(1467, 10809, '2015-01-01', 88, 7, 52, 20, '7.00', '0.00', '140.00'),
(1468, 10810, '2015-01-01', 42, 2, 13, 7, '6.00', '0.00', '42.00'),
(1469, 10810, '2015-01-01', 42, 2, 25, 5, '14.00', '0.00', '70.00'),
(1470, 10810, '2015-01-01', 42, 2, 70, 5, '15.00', '0.00', '75.00'),
(1471, 10811, '2015-01-02', 47, 8, 19, 15, '9.20', '0.00', '135.00');
INSERT INTO `factsales` (`SalesID`, `OrderID`, `DateID`, `CustomerKey`, `EmployeeKey`, `ProductKey`, `Quantity`, `UnitPrice`, `Discount`, `TotalAmount`) VALUES
(1472, 10811, '2015-01-02', 47, 8, 23, 18, '9.00', '0.00', '162.00'),
(1473, 10811, '2015-01-02', 47, 8, 40, 30, '18.40', '0.00', '540.00'),
(1474, 10812, '2015-01-02', 66, 5, 31, 16, '12.50', '0.10', '172.80'),
(1475, 10812, '2015-01-02', 66, 5, 72, 40, '34.80', '0.10', '1224.00'),
(1476, 10812, '2015-01-02', 66, 5, 77, 20, '13.00', '0.00', '260.00'),
(1477, 10813, '2015-01-05', 67, 1, 2, 12, '19.00', '0.20', '182.40'),
(1478, 10813, '2015-01-05', 67, 1, 46, 35, '12.00', '0.00', '420.00'),
(1479, 10814, '2015-01-05', 84, 3, 41, 20, '9.65', '0.00', '180.00'),
(1480, 10814, '2015-01-05', 84, 3, 43, 20, '46.00', '0.15', '782.00'),
(1481, 10814, '2015-01-05', 84, 3, 48, 8, '12.75', '0.15', '81.60'),
(1482, 10814, '2015-01-05', 84, 3, 61, 30, '28.50', '0.15', '714.00'),
(1483, 10815, '2015-01-05', 71, 2, 33, 16, '2.50', '0.00', '32.00'),
(1484, 10816, '2015-01-06', 32, 4, 38, 30, '263.50', '0.05', '7495.50'),
(1485, 10816, '2015-01-06', 32, 4, 62, 20, '49.30', '0.05', '931.00'),
(1486, 10817, '2015-01-06', 39, 3, 26, 40, '31.23', '0.15', '1054.00'),
(1487, 10817, '2015-01-06', 39, 3, 38, 30, '263.50', '0.00', '7890.00'),
(1488, 10817, '2015-01-06', 39, 3, 40, 60, '18.40', '0.15', '918.00'),
(1489, 10817, '2015-01-06', 39, 3, 62, 25, '49.30', '0.15', '1041.25'),
(1490, 10818, '2015-01-07', 49, 7, 32, 20, '32.00', '0.00', '640.00'),
(1491, 10818, '2015-01-07', 49, 7, 41, 20, '9.65', '0.00', '180.00'),
(1492, 10819, '2015-01-07', 12, 2, 43, 7, '46.00', '0.00', '322.00'),
(1493, 10819, '2015-01-07', 12, 2, 75, 20, '7.75', '0.00', '140.00'),
(1494, 10820, '2015-01-07', 65, 3, 56, 30, '38.00', '0.00', '1140.00'),
(1495, 10821, '2015-01-08', 75, 1, 35, 20, '18.00', '0.00', '360.00'),
(1496, 10821, '2015-01-08', 75, 1, 51, 6, '53.00', '0.00', '318.00'),
(1497, 10822, '2015-01-08', 82, 6, 62, 3, '49.30', '0.00', '147.00'),
(1498, 10822, '2015-01-08', 82, 6, 70, 6, '15.00', '0.00', '90.00'),
(1499, 10823, '2015-01-09', 46, 5, 11, 20, '21.00', '0.10', '378.00'),
(1500, 10823, '2015-01-09', 46, 5, 57, 15, '19.50', '0.00', '285.00'),
(1501, 10823, '2015-01-09', 46, 5, 59, 40, '55.00', '0.10', '1980.00'),
(1502, 10823, '2015-01-09', 46, 5, 77, 15, '13.00', '0.10', '175.50'),
(1503, 10824, '2015-01-09', 24, 8, 41, 12, '9.65', '0.00', '108.00'),
(1504, 10824, '2015-01-09', 24, 8, 70, 9, '15.00', '0.00', '135.00'),
(1505, 10825, '2015-01-09', 17, 1, 26, 12, '31.23', '0.00', '372.00'),
(1506, 10825, '2015-01-09', 17, 1, 53, 20, '32.80', '0.00', '640.00'),
(1507, 10826, '2015-01-12', 7, 6, 31, 35, '12.50', '0.00', '420.00'),
(1508, 10826, '2015-01-12', 7, 6, 57, 15, '19.50', '0.00', '285.00'),
(1509, 10827, '2015-01-12', 9, 1, 10, 15, '31.00', '0.00', '465.00'),
(1510, 10827, '2015-01-12', 9, 1, 39, 21, '18.00', '0.00', '378.00'),
(1511, 10828, '2015-01-13', 64, 9, 20, 5, '81.00', '0.00', '405.00'),
(1512, 10828, '2015-01-13', 64, 9, 38, 2, '263.50', '0.00', '526.00'),
(1513, 10829, '2015-01-13', 38, 9, 2, 10, '19.00', '0.00', '190.00'),
(1514, 10829, '2015-01-13', 38, 9, 8, 20, '40.00', '0.00', '800.00'),
(1515, 10829, '2015-01-13', 38, 9, 13, 10, '6.00', '0.00', '60.00'),
(1516, 10829, '2015-01-13', 38, 9, 60, 21, '34.00', '0.00', '714.00'),
(1517, 10830, '2015-01-13', 81, 4, 6, 6, '25.00', '0.00', '150.00'),
(1518, 10830, '2015-01-13', 81, 4, 39, 28, '18.00', '0.00', '504.00'),
(1519, 10830, '2015-01-13', 81, 4, 60, 30, '34.00', '0.00', '1020.00'),
(1520, 10830, '2015-01-13', 81, 4, 68, 24, '12.50', '0.00', '288.00'),
(1521, 10831, '2015-01-14', 70, 3, 19, 2, '9.20', '0.00', '18.00'),
(1522, 10831, '2015-01-14', 70, 3, 35, 8, '18.00', '0.00', '144.00'),
(1523, 10831, '2015-01-14', 70, 3, 38, 8, '263.50', '0.00', '2104.00'),
(1524, 10831, '2015-01-14', 70, 3, 43, 9, '46.00', '0.00', '414.00'),
(1525, 10832, '2015-01-14', 41, 2, 13, 3, '6.00', '0.20', '14.40'),
(1526, 10832, '2015-01-14', 41, 2, 25, 10, '14.00', '0.20', '112.00'),
(1527, 10832, '2015-01-14', 41, 2, 44, 16, '19.45', '0.20', '243.20'),
(1528, 10832, '2015-01-14', 41, 2, 64, 3, '33.25', '0.00', '99.00'),
(1529, 10833, '2015-01-15', 56, 6, 7, 20, '30.00', '0.10', '540.00'),
(1530, 10833, '2015-01-15', 56, 6, 31, 9, '12.50', '0.10', '97.20'),
(1531, 10833, '2015-01-15', 56, 6, 53, 9, '32.80', '0.10', '259.20'),
(1532, 10834, '2015-01-15', 81, 1, 29, 8, '123.79', '0.05', '934.80'),
(1533, 10834, '2015-01-15', 81, 1, 30, 20, '25.89', '0.05', '475.00'),
(1534, 10835, '2015-01-15', 1, 1, 59, 15, '55.00', '0.00', '825.00'),
(1535, 10835, '2015-01-15', 1, 1, 77, 2, '13.00', '0.20', '20.80'),
(1536, 10836, '2015-01-16', 20, 7, 22, 52, '21.00', '0.00', '1092.00'),
(1537, 10836, '2015-01-16', 20, 7, 35, 6, '18.00', '0.00', '108.00'),
(1538, 10836, '2015-01-16', 20, 7, 57, 24, '19.50', '0.00', '456.00'),
(1539, 10836, '2015-01-16', 20, 7, 60, 60, '34.00', '0.00', '2040.00'),
(1540, 10836, '2015-01-16', 20, 7, 64, 30, '33.25', '0.00', '990.00'),
(1541, 10837, '2015-01-16', 5, 9, 13, 6, '6.00', '0.00', '36.00'),
(1542, 10837, '2015-01-16', 5, 9, 40, 25, '18.40', '0.00', '450.00'),
(1543, 10837, '2015-01-16', 5, 9, 47, 40, '9.50', '0.25', '270.00'),
(1544, 10837, '2015-01-16', 5, 9, 76, 21, '18.00', '0.25', '283.50'),
(1545, 10838, '2015-01-19', 47, 3, 1, 4, '18.00', '0.25', '54.00'),
(1546, 10838, '2015-01-19', 47, 3, 18, 25, '62.50', '0.25', '1162.50'),
(1547, 10838, '2015-01-19', 47, 3, 36, 50, '19.00', '0.25', '712.50'),
(1548, 10839, '2015-01-19', 81, 3, 58, 30, '13.25', '0.10', '351.00'),
(1549, 10839, '2015-01-19', 81, 3, 72, 15, '34.80', '0.10', '459.00'),
(1550, 10840, '2015-01-19', 47, 4, 25, 6, '14.00', '0.20', '67.20'),
(1551, 10840, '2015-01-19', 47, 4, 39, 10, '18.00', '0.20', '144.00'),
(1552, 10841, '2015-01-20', 76, 5, 10, 16, '31.00', '0.00', '496.00'),
(1553, 10841, '2015-01-20', 76, 5, 56, 30, '38.00', '0.00', '1140.00'),
(1554, 10841, '2015-01-20', 76, 5, 59, 50, '55.00', '0.00', '2750.00'),
(1555, 10841, '2015-01-20', 76, 5, 77, 15, '13.00', '0.00', '195.00'),
(1556, 10842, '2015-01-20', 80, 1, 11, 15, '21.00', '0.00', '315.00'),
(1557, 10842, '2015-01-20', 80, 1, 43, 5, '46.00', '0.00', '230.00'),
(1558, 10842, '2015-01-20', 80, 1, 68, 20, '12.50', '0.00', '240.00'),
(1559, 10842, '2015-01-20', 80, 1, 70, 12, '15.00', '0.00', '180.00'),
(1560, 10843, '2015-01-21', 84, 4, 51, 4, '53.00', '0.25', '159.00'),
(1561, 10844, '2015-01-21', 59, 8, 22, 35, '21.00', '0.00', '735.00'),
(1562, 10845, '2015-01-21', 63, 8, 23, 70, '9.00', '0.10', '567.00'),
(1563, 10845, '2015-01-21', 63, 8, 35, 25, '18.00', '0.10', '405.00'),
(1564, 10845, '2015-01-21', 63, 8, 42, 42, '14.00', '0.10', '529.20'),
(1565, 10845, '2015-01-21', 63, 8, 58, 60, '13.25', '0.10', '702.00'),
(1566, 10845, '2015-01-21', 63, 8, 64, 48, '33.25', '0.00', '1584.00'),
(1567, 10846, '2015-01-22', 76, 2, 4, 21, '22.00', '0.00', '462.00'),
(1568, 10846, '2015-01-22', 76, 2, 70, 30, '15.00', '0.00', '450.00'),
(1569, 10846, '2015-01-22', 76, 2, 74, 20, '10.00', '0.00', '200.00'),
(1570, 10847, '2015-01-22', 71, 4, 1, 80, '18.00', '0.20', '1152.00'),
(1571, 10847, '2015-01-22', 71, 4, 19, 12, '9.20', '0.20', '86.40'),
(1572, 10847, '2015-01-22', 71, 4, 37, 60, '26.00', '0.20', '1248.00'),
(1573, 10847, '2015-01-22', 71, 4, 45, 36, '9.50', '0.20', '259.20'),
(1574, 10847, '2015-01-22', 71, 4, 60, 45, '34.00', '0.20', '1224.00'),
(1575, 10847, '2015-01-22', 71, 4, 71, 55, '21.50', '0.20', '924.00'),
(1576, 10848, '2015-01-23', 16, 7, 5, 30, '21.35', '0.00', '630.00'),
(1577, 10848, '2015-01-23', 16, 7, 9, 3, '97.00', '0.00', '291.00'),
(1578, 10849, '2015-01-23', 39, 9, 3, 49, '10.00', '0.00', '490.00'),
(1579, 10849, '2015-01-23', 39, 9, 26, 18, '31.23', '0.15', '474.30'),
(1580, 10850, '2015-01-23', 84, 1, 25, 20, '14.00', '0.15', '238.00'),
(1581, 10850, '2015-01-23', 84, 1, 33, 4, '2.50', '0.15', '6.80'),
(1582, 10850, '2015-01-23', 84, 1, 70, 30, '15.00', '0.15', '382.50'),
(1583, 10851, '2015-01-26', 67, 5, 2, 5, '19.00', '0.05', '90.25'),
(1584, 10851, '2015-01-26', 67, 5, 25, 10, '14.00', '0.05', '133.00'),
(1585, 10851, '2015-01-26', 67, 5, 57, 10, '19.50', '0.05', '180.50'),
(1586, 10851, '2015-01-26', 67, 5, 59, 42, '55.00', '0.05', '2194.50'),
(1587, 10852, '2015-01-26', 65, 8, 2, 15, '19.00', '0.00', '285.00'),
(1588, 10852, '2015-01-26', 65, 8, 17, 6, '39.00', '0.00', '234.00'),
(1589, 10852, '2015-01-26', 65, 8, 62, 50, '49.30', '0.00', '2450.00'),
(1590, 10853, '2015-01-27', 6, 9, 18, 10, '62.50', '0.00', '620.00'),
(1591, 10854, '2015-01-27', 20, 3, 10, 100, '31.00', '0.15', '2635.00'),
(1592, 10854, '2015-01-27', 20, 3, 13, 65, '6.00', '0.15', '331.50'),
(1593, 10855, '2015-01-27', 55, 3, 16, 50, '17.45', '0.00', '850.00'),
(1594, 10855, '2015-01-27', 55, 3, 31, 14, '12.50', '0.00', '168.00'),
(1595, 10855, '2015-01-27', 55, 3, 56, 24, '38.00', '0.00', '912.00'),
(1596, 10855, '2015-01-27', 55, 3, 65, 15, '21.05', '0.15', '267.75'),
(1597, 10856, '2015-01-28', 3, 3, 2, 20, '19.00', '0.00', '380.00'),
(1598, 10856, '2015-01-28', 3, 3, 42, 20, '14.00', '0.00', '280.00'),
(1599, 10857, '2015-01-28', 5, 8, 3, 30, '10.00', '0.00', '300.00'),
(1600, 10857, '2015-01-28', 5, 8, 26, 35, '31.23', '0.25', '813.75'),
(1601, 10857, '2015-01-28', 5, 8, 29, 10, '123.79', '0.25', '922.50'),
(1602, 10858, '2015-01-29', 40, 2, 7, 5, '30.00', '0.00', '150.00'),
(1603, 10858, '2015-01-29', 40, 2, 27, 10, '43.90', '0.00', '430.00'),
(1604, 10858, '2015-01-29', 40, 2, 70, 4, '15.00', '0.00', '60.00'),
(1605, 10859, '2015-01-29', 25, 1, 24, 40, '4.50', '0.25', '120.00'),
(1606, 10859, '2015-01-29', 25, 1, 54, 35, '7.45', '0.25', '183.75'),
(1607, 10859, '2015-01-29', 25, 1, 64, 30, '33.25', '0.25', '742.50'),
(1608, 10860, '2015-01-29', 26, 3, 51, 3, '53.00', '0.00', '159.00'),
(1609, 10860, '2015-01-29', 26, 3, 76, 20, '18.00', '0.00', '360.00'),
(1610, 10861, '2015-01-30', 89, 4, 17, 42, '39.00', '0.00', '1638.00'),
(1611, 10861, '2015-01-30', 89, 4, 18, 20, '62.50', '0.00', '1240.00'),
(1612, 10861, '2015-01-30', 89, 4, 21, 40, '10.00', '0.00', '400.00'),
(1613, 10861, '2015-01-30', 89, 4, 33, 35, '2.50', '0.00', '70.00'),
(1614, 10861, '2015-01-30', 89, 4, 62, 3, '49.30', '0.00', '147.00'),
(1615, 10862, '2015-01-30', 44, 8, 11, 25, '21.00', '0.00', '525.00'),
(1616, 10862, '2015-01-30', 44, 8, 52, 8, '7.00', '0.00', '56.00'),
(1617, 10863, '2015-02-02', 35, 4, 1, 20, '18.00', '0.15', '306.00'),
(1618, 10863, '2015-02-02', 35, 4, 58, 12, '13.25', '0.15', '132.60'),
(1619, 10864, '2015-02-02', 4, 4, 35, 4, '18.00', '0.00', '72.00'),
(1620, 10864, '2015-02-02', 4, 4, 67, 15, '14.00', '0.00', '210.00'),
(1621, 10865, '2015-02-02', 63, 2, 38, 60, '263.50', '0.05', '14991.00'),
(1622, 10865, '2015-02-02', 63, 2, 39, 80, '18.00', '0.05', '1368.00'),
(1623, 10866, '2015-02-03', 5, 5, 2, 21, '19.00', '0.25', '299.25'),
(1624, 10866, '2015-02-03', 5, 5, 24, 6, '4.50', '0.25', '18.00'),
(1625, 10866, '2015-02-03', 5, 5, 30, 40, '25.89', '0.25', '750.00'),
(1626, 10867, '2015-02-03', 48, 6, 53, 3, '32.80', '0.00', '96.00'),
(1627, 10868, '2015-02-04', 62, 7, 26, 20, '31.23', '0.00', '620.00'),
(1628, 10868, '2015-02-04', 62, 7, 35, 30, '18.00', '0.00', '540.00'),
(1629, 10868, '2015-02-04', 62, 7, 49, 42, '20.00', '0.10', '756.00'),
(1630, 10869, '2015-02-04', 72, 5, 1, 40, '18.00', '0.00', '720.00'),
(1631, 10869, '2015-02-04', 72, 5, 11, 10, '21.00', '0.00', '210.00'),
(1632, 10869, '2015-02-04', 72, 5, 23, 50, '9.00', '0.00', '450.00'),
(1633, 10869, '2015-02-04', 72, 5, 68, 20, '12.50', '0.00', '240.00'),
(1634, 10870, '2015-02-04', 91, 5, 35, 3, '18.00', '0.00', '54.00'),
(1635, 10870, '2015-02-04', 91, 5, 51, 2, '53.00', '0.00', '106.00'),
(1636, 10871, '2015-02-05', 9, 9, 6, 50, '25.00', '0.05', '1187.50'),
(1637, 10871, '2015-02-05', 9, 9, 16, 12, '17.45', '0.05', '193.80'),
(1638, 10871, '2015-02-05', 9, 9, 17, 16, '39.00', '0.05', '592.80'),
(1639, 10872, '2015-02-05', 30, 5, 55, 10, '24.00', '0.05', '228.00'),
(1640, 10872, '2015-02-05', 30, 5, 62, 20, '49.30', '0.05', '931.00'),
(1641, 10872, '2015-02-05', 30, 5, 64, 15, '33.25', '0.05', '470.25'),
(1642, 10872, '2015-02-05', 30, 5, 65, 21, '21.05', '0.05', '418.95'),
(1643, 10873, '2015-02-06', 90, 4, 21, 20, '10.00', '0.00', '200.00'),
(1644, 10873, '2015-02-06', 90, 4, 28, 3, '45.60', '0.00', '135.00'),
(1645, 10874, '2015-02-06', 30, 5, 10, 10, '31.00', '0.00', '310.00'),
(1646, 10875, '2015-02-06', 5, 4, 19, 25, '9.20', '0.00', '225.00'),
(1647, 10875, '2015-02-06', 5, 4, 47, 21, '9.50', '0.10', '170.10'),
(1648, 10875, '2015-02-06', 5, 4, 49, 15, '20.00', '0.00', '300.00'),
(1649, 10876, '2015-02-09', 9, 7, 46, 21, '12.00', '0.00', '252.00'),
(1650, 10876, '2015-02-09', 9, 7, 64, 20, '33.25', '0.00', '660.00'),
(1651, 10877, '2015-02-09', 67, 1, 16, 30, '17.45', '0.25', '382.50'),
(1652, 10877, '2015-02-09', 67, 1, 18, 25, '62.50', '0.00', '1550.00'),
(1653, 10878, '2015-02-10', 63, 4, 20, 20, '81.00', '0.05', '1539.00'),
(1654, 10879, '2015-02-10', 90, 3, 40, 12, '18.40', '0.00', '216.00'),
(1655, 10879, '2015-02-10', 90, 3, 65, 10, '21.05', '0.00', '210.00'),
(1656, 10879, '2015-02-10', 90, 3, 76, 10, '18.00', '0.00', '180.00'),
(1657, 10880, '2015-02-10', 24, 7, 23, 30, '9.00', '0.20', '216.00'),
(1658, 10880, '2015-02-10', 24, 7, 61, 30, '28.50', '0.20', '672.00'),
(1659, 10880, '2015-02-10', 24, 7, 70, 50, '15.00', '0.20', '600.00'),
(1660, 10881, '2015-02-11', 12, 4, 73, 10, '15.00', '0.00', '150.00'),
(1661, 10882, '2015-02-11', 71, 4, 42, 25, '14.00', '0.00', '350.00'),
(1662, 10882, '2015-02-11', 71, 4, 49, 20, '20.00', '0.15', '340.00'),
(1663, 10882, '2015-02-11', 71, 4, 54, 32, '7.45', '0.15', '190.40'),
(1664, 10883, '2015-02-12', 48, 8, 24, 8, '4.50', '0.00', '32.00'),
(1665, 10884, '2015-02-12', 45, 4, 21, 40, '10.00', '0.05', '380.00'),
(1666, 10884, '2015-02-12', 45, 4, 56, 21, '38.00', '0.05', '758.10'),
(1667, 10884, '2015-02-12', 45, 4, 65, 12, '21.05', '0.05', '239.40'),
(1668, 10885, '2015-02-12', 76, 6, 2, 20, '19.00', '0.00', '380.00'),
(1669, 10885, '2015-02-12', 76, 6, 24, 12, '4.50', '0.00', '48.00'),
(1670, 10885, '2015-02-12', 76, 6, 70, 30, '15.00', '0.00', '450.00'),
(1671, 10885, '2015-02-12', 76, 6, 77, 25, '13.00', '0.00', '325.00'),
(1672, 10886, '2015-02-13', 34, 1, 10, 70, '31.00', '0.00', '2170.00'),
(1673, 10886, '2015-02-13', 34, 1, 31, 35, '12.50', '0.00', '420.00'),
(1674, 10886, '2015-02-13', 34, 1, 77, 40, '13.00', '0.00', '520.00'),
(1675, 10887, '2015-02-13', 29, 8, 25, 5, '14.00', '0.00', '70.00'),
(1676, 10888, '2015-02-16', 30, 1, 2, 20, '19.00', '0.00', '380.00'),
(1677, 10888, '2015-02-16', 30, 1, 68, 18, '12.50', '0.00', '216.00'),
(1678, 10889, '2015-02-16', 65, 9, 11, 40, '21.00', '0.00', '840.00'),
(1679, 10889, '2015-02-16', 65, 9, 38, 40, '263.50', '0.00', '10520.00'),
(1680, 10890, '2015-02-16', 18, 7, 17, 15, '39.00', '0.00', '585.00'),
(1681, 10890, '2015-02-16', 18, 7, 34, 10, '14.00', '0.00', '140.00'),
(1682, 10890, '2015-02-16', 18, 7, 41, 14, '9.65', '0.00', '126.00'),
(1683, 10891, '2015-02-17', 44, 7, 30, 15, '25.89', '0.05', '356.25'),
(1684, 10892, '2015-02-17', 50, 4, 59, 40, '55.00', '0.05', '2090.00'),
(1685, 10893, '2015-02-18', 39, 9, 8, 30, '40.00', '0.00', '1200.00'),
(1686, 10893, '2015-02-18', 39, 9, 24, 10, '4.50', '0.00', '40.00'),
(1687, 10893, '2015-02-18', 39, 9, 29, 24, '123.79', '0.00', '2952.00'),
(1688, 10893, '2015-02-18', 39, 9, 30, 35, '25.89', '0.00', '875.00'),
(1689, 10893, '2015-02-18', 39, 9, 36, 20, '19.00', '0.00', '380.00'),
(1690, 10894, '2015-02-18', 71, 1, 13, 28, '6.00', '0.05', '159.60'),
(1691, 10894, '2015-02-18', 71, 1, 69, 50, '36.00', '0.05', '1710.00'),
(1692, 10894, '2015-02-18', 71, 1, 75, 120, '7.75', '0.05', '798.00'),
(1693, 10895, '2015-02-18', 20, 3, 24, 110, '4.50', '0.00', '440.00'),
(1694, 10895, '2015-02-18', 20, 3, 39, 45, '18.00', '0.00', '810.00'),
(1695, 10895, '2015-02-18', 20, 3, 40, 91, '18.40', '0.00', '1638.00'),
(1696, 10895, '2015-02-18', 20, 3, 60, 100, '34.00', '0.00', '3400.00'),
(1697, 10896, '2015-02-19', 50, 7, 45, 15, '9.50', '0.00', '135.00'),
(1698, 10896, '2015-02-19', 50, 7, 56, 16, '38.00', '0.00', '608.00'),
(1699, 10897, '2015-02-19', 37, 3, 29, 80, '123.79', '0.00', '9840.00'),
(1700, 10897, '2015-02-19', 37, 3, 30, 36, '25.89', '0.00', '900.00'),
(1701, 10898, '2015-02-20', 54, 4, 13, 5, '6.00', '0.00', '30.00'),
(1702, 10899, '2015-02-20', 46, 5, 39, 8, '18.00', '0.15', '122.40'),
(1703, 10900, '2015-02-20', 88, 1, 70, 3, '15.00', '0.25', '33.75'),
(1704, 10901, '2015-02-23', 35, 4, 41, 30, '9.65', '0.00', '270.00'),
(1705, 10901, '2015-02-23', 35, 4, 71, 30, '21.50', '0.00', '630.00'),
(1706, 10902, '2015-02-23', 24, 1, 55, 30, '24.00', '0.15', '612.00'),
(1707, 10902, '2015-02-23', 24, 1, 62, 6, '49.30', '0.15', '249.90'),
(1708, 10903, '2015-02-24', 34, 3, 13, 40, '6.00', '0.00', '240.00'),
(1709, 10903, '2015-02-24', 34, 3, 65, 21, '21.05', '0.00', '441.00'),
(1710, 10903, '2015-02-24', 34, 3, 68, 20, '12.50', '0.00', '240.00'),
(1711, 10904, '2015-02-24', 89, 3, 58, 15, '13.25', '0.00', '195.00'),
(1712, 10904, '2015-02-24', 89, 3, 62, 35, '49.30', '0.00', '1715.00'),
(1713, 10905, '2015-02-24', 88, 9, 1, 20, '18.00', '0.05', '342.00'),
(1714, 10906, '2015-02-25', 91, 4, 61, 15, '28.50', '0.00', '420.00'),
(1715, 10907, '2015-02-25', 74, 6, 75, 14, '7.75', '0.00', '98.00'),
(1716, 10908, '2015-02-26', 66, 4, 7, 20, '30.00', '0.05', '570.00'),
(1717, 10908, '2015-02-26', 66, 4, 52, 14, '7.00', '0.05', '93.10'),
(1718, 10909, '2015-02-26', 70, 1, 7, 12, '30.00', '0.00', '360.00'),
(1719, 10909, '2015-02-26', 70, 1, 16, 15, '17.45', '0.00', '255.00'),
(1720, 10909, '2015-02-26', 70, 1, 41, 5, '9.65', '0.00', '45.00'),
(1721, 10910, '2015-02-26', 90, 1, 19, 12, '9.20', '0.00', '108.00'),
(1722, 10910, '2015-02-26', 90, 1, 49, 10, '20.00', '0.00', '200.00'),
(1723, 10910, '2015-02-26', 90, 1, 61, 5, '28.50', '0.00', '140.00'),
(1724, 10911, '2015-02-26', 30, 3, 1, 10, '18.00', '0.00', '180.00'),
(1725, 10911, '2015-02-26', 30, 3, 17, 12, '39.00', '0.00', '468.00'),
(1726, 10911, '2015-02-26', 30, 3, 67, 15, '14.00', '0.00', '210.00'),
(1727, 10912, '2015-02-26', 37, 2, 11, 40, '21.00', '0.25', '630.00'),
(1728, 10912, '2015-02-26', 37, 2, 29, 60, '123.79', '0.25', '5535.00'),
(1729, 10913, '2015-02-26', 62, 4, 4, 30, '22.00', '0.25', '495.00'),
(1730, 10913, '2015-02-26', 62, 4, 33, 40, '2.50', '0.25', '60.00'),
(1731, 10913, '2015-02-26', 62, 4, 58, 15, '13.25', '0.00', '195.00'),
(1732, 10914, '2015-02-27', 62, 6, 71, 25, '21.50', '0.00', '525.00'),
(1733, 10915, '2015-02-27', 80, 2, 17, 10, '39.00', '0.00', '390.00'),
(1734, 10915, '2015-02-27', 80, 2, 33, 30, '2.50', '0.00', '60.00'),
(1735, 10915, '2015-02-27', 80, 2, 54, 10, '7.45', '0.00', '70.00'),
(1736, 10916, '2015-02-27', 64, 1, 16, 6, '17.45', '0.00', '102.00'),
(1737, 10916, '2015-02-27', 64, 1, 32, 6, '32.00', '0.00', '192.00'),
(1738, 10916, '2015-02-27', 64, 1, 57, 20, '19.50', '0.00', '380.00'),
(1739, 10917, '2015-03-02', 69, 4, 30, 1, '25.89', '0.00', '25.00'),
(1740, 10917, '2015-03-02', 69, 4, 60, 10, '34.00', '0.00', '340.00'),
(1741, 10918, '2015-03-02', 10, 3, 1, 60, '18.00', '0.25', '810.00'),
(1742, 10918, '2015-03-02', 10, 3, 60, 25, '34.00', '0.25', '637.50'),
(1743, 10919, '2015-03-02', 47, 2, 16, 24, '17.45', '0.00', '408.00'),
(1744, 10919, '2015-03-02', 47, 2, 25, 24, '14.00', '0.00', '336.00'),
(1745, 10919, '2015-03-02', 47, 2, 40, 20, '18.40', '0.00', '360.00'),
(1746, 10920, '2015-03-03', 4, 4, 50, 24, '16.25', '0.00', '384.00'),
(1747, 10921, '2015-03-03', 83, 1, 35, 10, '18.00', '0.00', '180.00'),
(1748, 10921, '2015-03-03', 83, 1, 63, 40, '43.90', '0.00', '1720.00'),
(1749, 10922, '2015-03-03', 34, 5, 17, 15, '39.00', '0.00', '585.00'),
(1750, 10922, '2015-03-03', 34, 5, 24, 35, '4.50', '0.00', '140.00'),
(1751, 10923, '2015-03-03', 41, 7, 42, 10, '14.00', '0.20', '112.00'),
(1752, 10923, '2015-03-03', 41, 7, 43, 10, '46.00', '0.20', '368.00'),
(1753, 10923, '2015-03-03', 41, 7, 67, 24, '14.00', '0.20', '268.80'),
(1754, 10924, '2015-03-04', 5, 3, 10, 20, '31.00', '0.10', '558.00'),
(1755, 10924, '2015-03-04', 5, 3, 28, 30, '45.60', '0.10', '1215.00'),
(1756, 10924, '2015-03-04', 5, 3, 75, 6, '7.75', '0.00', '42.00'),
(1757, 10925, '2015-03-04', 34, 3, 36, 25, '19.00', '0.15', '403.75'),
(1758, 10925, '2015-03-04', 34, 3, 52, 12, '7.00', '0.15', '71.40'),
(1759, 10926, '2015-03-04', 2, 4, 11, 2, '21.00', '0.00', '42.00'),
(1760, 10926, '2015-03-04', 2, 4, 13, 10, '6.00', '0.00', '60.00'),
(1761, 10926, '2015-03-04', 2, 4, 19, 7, '9.20', '0.00', '63.00'),
(1762, 10926, '2015-03-04', 2, 4, 72, 10, '34.80', '0.00', '340.00'),
(1763, 10927, '2015-03-05', 40, 4, 20, 5, '81.00', '0.00', '405.00'),
(1764, 10927, '2015-03-05', 40, 4, 52, 5, '7.00', '0.00', '35.00'),
(1765, 10927, '2015-03-05', 40, 4, 76, 20, '18.00', '0.00', '360.00'),
(1766, 10928, '2015-03-05', 29, 1, 47, 5, '9.50', '0.00', '45.00'),
(1767, 10928, '2015-03-05', 29, 1, 76, 5, '18.00', '0.00', '90.00'),
(1768, 10929, '2015-03-05', 25, 6, 21, 60, '10.00', '0.00', '600.00'),
(1769, 10929, '2015-03-05', 25, 6, 75, 49, '7.75', '0.00', '343.00'),
(1770, 10929, '2015-03-05', 25, 6, 77, 15, '13.00', '0.00', '195.00'),
(1771, 10930, '2015-03-06', 76, 4, 21, 36, '10.00', '0.00', '360.00'),
(1772, 10930, '2015-03-06', 76, 4, 27, 25, '43.90', '0.00', '1075.00'),
(1773, 10930, '2015-03-06', 76, 4, 55, 25, '24.00', '0.20', '480.00'),
(1774, 10930, '2015-03-06', 76, 4, 58, 30, '13.25', '0.20', '312.00'),
(1775, 10931, '2015-03-06', 68, 4, 13, 42, '6.00', '0.15', '214.20'),
(1776, 10931, '2015-03-06', 68, 4, 57, 30, '19.50', '0.00', '570.00'),
(1777, 10932, '2015-03-06', 9, 8, 16, 30, '17.45', '0.10', '459.00'),
(1778, 10932, '2015-03-06', 9, 8, 62, 14, '49.30', '0.10', '617.40'),
(1779, 10932, '2015-03-06', 9, 8, 72, 16, '34.80', '0.00', '544.00'),
(1780, 10932, '2015-03-06', 9, 8, 75, 20, '7.75', '0.10', '126.00'),
(1781, 10933, '2015-03-06', 38, 6, 53, 2, '32.80', '0.00', '64.00'),
(1782, 10933, '2015-03-06', 38, 6, 61, 30, '28.50', '0.00', '840.00'),
(1783, 10934, '2015-03-09', 44, 3, 6, 20, '25.00', '0.00', '500.00'),
(1784, 10935, '2015-03-09', 88, 4, 1, 21, '18.00', '0.00', '378.00'),
(1785, 10935, '2015-03-09', 88, 4, 18, 4, '62.50', '0.25', '186.00'),
(1786, 10935, '2015-03-09', 88, 4, 23, 8, '9.00', '0.25', '54.00'),
(1787, 10936, '2015-03-09', 32, 3, 36, 30, '19.00', '0.20', '456.00'),
(1788, 10937, '2015-03-10', 12, 7, 28, 8, '45.60', '0.00', '360.00'),
(1789, 10937, '2015-03-10', 12, 7, 34, 20, '14.00', '0.00', '280.00'),
(1790, 10938, '2015-03-10', 63, 3, 13, 20, '6.00', '0.25', '90.00'),
(1791, 10938, '2015-03-10', 63, 3, 43, 24, '46.00', '0.25', '828.00'),
(1792, 10938, '2015-03-10', 63, 3, 60, 49, '34.00', '0.25', '1249.50'),
(1793, 10938, '2015-03-10', 63, 3, 71, 35, '21.50', '0.25', '551.25'),
(1794, 10939, '2015-03-10', 49, 2, 2, 10, '19.00', '0.15', '161.50'),
(1795, 10939, '2015-03-10', 49, 2, 67, 40, '14.00', '0.15', '476.00'),
(1796, 10940, '2015-03-11', 9, 8, 7, 8, '30.00', '0.00', '240.00'),
(1797, 10940, '2015-03-11', 9, 8, 13, 20, '6.00', '0.00', '120.00'),
(1798, 10941, '2015-03-11', 71, 7, 31, 44, '12.50', '0.25', '396.00'),
(1799, 10941, '2015-03-11', 71, 7, 62, 30, '49.30', '0.25', '1102.50'),
(1800, 10941, '2015-03-11', 71, 7, 68, 80, '12.50', '0.25', '720.00'),
(1801, 10941, '2015-03-11', 71, 7, 72, 50, '34.80', '0.00', '1700.00'),
(1802, 10942, '2015-03-11', 66, 9, 49, 28, '20.00', '0.00', '560.00'),
(1803, 10943, '2015-03-11', 11, 4, 13, 15, '6.00', '0.00', '90.00'),
(1804, 10943, '2015-03-11', 11, 4, 22, 21, '21.00', '0.00', '441.00'),
(1805, 10943, '2015-03-11', 11, 4, 46, 15, '12.00', '0.00', '180.00'),
(1806, 10944, '2015-03-12', 10, 6, 11, 5, '21.00', '0.25', '78.75'),
(1807, 10944, '2015-03-12', 10, 6, 44, 18, '19.45', '0.25', '256.50'),
(1808, 10944, '2015-03-12', 10, 6, 56, 18, '38.00', '0.00', '684.00'),
(1809, 10945, '2015-03-12', 52, 4, 13, 20, '6.00', '0.00', '120.00'),
(1810, 10945, '2015-03-12', 52, 4, 31, 10, '12.50', '0.00', '120.00'),
(1811, 10946, '2015-03-12', 83, 1, 10, 25, '31.00', '0.00', '775.00'),
(1812, 10946, '2015-03-12', 83, 1, 24, 25, '4.50', '0.00', '100.00'),
(1813, 10946, '2015-03-12', 83, 1, 77, 40, '13.00', '0.00', '520.00'),
(1814, 10947, '2015-03-13', 11, 3, 59, 4, '55.00', '0.00', '220.00'),
(1815, 10948, '2015-03-13', 30, 3, 50, 9, '16.25', '0.00', '144.00'),
(1816, 10948, '2015-03-13', 30, 3, 51, 40, '53.00', '0.00', '2120.00'),
(1817, 10948, '2015-03-13', 30, 3, 55, 4, '24.00', '0.00', '96.00'),
(1818, 10949, '2015-03-13', 10, 2, 6, 12, '25.00', '0.00', '300.00'),
(1819, 10949, '2015-03-13', 10, 2, 10, 30, '31.00', '0.00', '930.00'),
(1820, 10949, '2015-03-13', 10, 2, 17, 6, '39.00', '0.00', '234.00'),
(1821, 10949, '2015-03-13', 10, 2, 62, 60, '49.30', '0.00', '2940.00'),
(1822, 10950, '2015-03-16', 49, 1, 4, 5, '22.00', '0.00', '110.00'),
(1823, 10951, '2015-03-16', 68, 9, 33, 15, '2.50', '0.05', '28.50'),
(1824, 10951, '2015-03-16', 68, 9, 41, 6, '9.65', '0.05', '51.30'),
(1825, 10951, '2015-03-16', 68, 9, 75, 50, '7.75', '0.05', '332.50'),
(1826, 10952, '2015-03-16', 1, 1, 6, 16, '25.00', '0.05', '380.00'),
(1827, 10952, '2015-03-16', 1, 1, 28, 2, '45.60', '0.00', '90.00'),
(1828, 10953, '2015-03-16', 4, 9, 20, 50, '81.00', '0.05', '3847.50'),
(1829, 10953, '2015-03-16', 4, 9, 31, 50, '12.50', '0.05', '570.00'),
(1830, 10954, '2015-03-17', 47, 5, 16, 28, '17.45', '0.15', '404.60'),
(1831, 10954, '2015-03-17', 47, 5, 31, 25, '12.50', '0.15', '255.00'),
(1832, 10954, '2015-03-17', 47, 5, 45, 30, '9.50', '0.00', '270.00'),
(1833, 10954, '2015-03-17', 47, 5, 60, 24, '34.00', '0.15', '693.60'),
(1834, 10955, '2015-03-17', 24, 8, 75, 12, '7.75', '0.20', '67.20'),
(1835, 10956, '2015-03-17', 6, 6, 21, 12, '10.00', '0.00', '120.00'),
(1836, 10956, '2015-03-17', 6, 6, 47, 14, '9.50', '0.00', '126.00'),
(1837, 10956, '2015-03-17', 6, 6, 51, 8, '53.00', '0.00', '424.00'),
(1838, 10957, '2015-03-18', 35, 8, 30, 30, '25.89', '0.00', '750.00'),
(1839, 10957, '2015-03-18', 35, 8, 35, 40, '18.00', '0.00', '720.00'),
(1840, 10957, '2015-03-18', 35, 8, 64, 8, '33.25', '0.00', '264.00'),
(1841, 10958, '2015-03-18', 54, 7, 5, 20, '21.35', '0.00', '420.00'),
(1842, 10958, '2015-03-18', 54, 7, 7, 6, '30.00', '0.00', '180.00'),
(1843, 10958, '2015-03-18', 54, 7, 72, 5, '34.80', '0.00', '170.00'),
(1844, 10959, '2015-03-18', 31, 6, 75, 20, '7.75', '0.15', '119.00'),
(1845, 10960, '2015-03-19', 35, 3, 24, 10, '4.50', '0.25', '30.00'),
(1846, 10960, '2015-03-19', 35, 3, 41, 24, '9.65', '0.00', '216.00'),
(1847, 10961, '2015-03-19', 62, 8, 52, 6, '7.00', '0.05', '39.90'),
(1848, 10961, '2015-03-19', 62, 8, 76, 60, '18.00', '0.00', '1080.00'),
(1849, 10962, '2015-03-19', 63, 8, 7, 45, '30.00', '0.00', '1350.00'),
(1850, 10962, '2015-03-19', 63, 8, 13, 77, '6.00', '0.00', '462.00'),
(1851, 10962, '2015-03-19', 63, 8, 53, 20, '32.80', '0.00', '640.00'),
(1852, 10962, '2015-03-19', 63, 8, 69, 9, '36.00', '0.00', '324.00'),
(1853, 10962, '2015-03-19', 63, 8, 76, 44, '18.00', '0.00', '792.00'),
(1854, 10963, '2015-03-19', 28, 9, 60, 2, '34.00', '0.15', '57.80'),
(1855, 10964, '2015-03-20', 74, 3, 18, 6, '62.50', '0.00', '372.00'),
(1856, 10964, '2015-03-20', 74, 3, 38, 5, '263.50', '0.00', '1315.00'),
(1857, 10964, '2015-03-20', 74, 3, 69, 10, '36.00', '0.00', '360.00'),
(1858, 10965, '2015-03-20', 55, 6, 51, 16, '53.00', '0.00', '848.00'),
(1859, 10966, '2015-03-20', 14, 4, 37, 8, '26.00', '0.00', '208.00'),
(1860, 10966, '2015-03-20', 14, 4, 56, 12, '38.00', '0.15', '387.60'),
(1861, 10966, '2015-03-20', 14, 4, 62, 12, '49.30', '0.15', '499.80'),
(1862, 10967, '2015-03-23', 79, 2, 19, 12, '9.20', '0.00', '108.00'),
(1863, 10967, '2015-03-23', 79, 2, 49, 40, '20.00', '0.00', '800.00'),
(1864, 10968, '2015-03-23', 20, 1, 12, 30, '38.00', '0.00', '1140.00'),
(1865, 10968, '2015-03-23', 20, 1, 24, 30, '4.50', '0.00', '120.00'),
(1866, 10968, '2015-03-23', 20, 1, 64, 4, '33.25', '0.00', '132.00'),
(1867, 10969, '2015-03-23', 15, 1, 46, 9, '12.00', '0.00', '108.00'),
(1868, 10970, '2015-03-24', 8, 9, 52, 40, '7.00', '0.20', '224.00'),
(1869, 10971, '2015-03-24', 26, 2, 29, 14, '123.79', '0.00', '1722.00'),
(1870, 10972, '2015-03-24', 40, 4, 17, 6, '39.00', '0.00', '234.00'),
(1871, 10972, '2015-03-24', 40, 4, 33, 7, '2.50', '0.00', '14.00'),
(1872, 10973, '2015-03-24', 40, 6, 26, 5, '31.23', '0.00', '155.00'),
(1873, 10973, '2015-03-24', 40, 6, 41, 6, '9.65', '0.00', '54.00'),
(1874, 10973, '2015-03-24', 40, 6, 75, 10, '7.75', '0.00', '70.00'),
(1875, 10974, '2015-03-25', 75, 3, 63, 10, '43.90', '0.00', '430.00'),
(1876, 10975, '2015-03-25', 10, 1, 8, 16, '40.00', '0.00', '640.00'),
(1877, 10975, '2015-03-25', 10, 1, 75, 10, '7.75', '0.00', '70.00'),
(1878, 10976, '2015-03-25', 35, 1, 28, 20, '45.60', '0.00', '900.00'),
(1879, 10977, '2015-03-26', 24, 8, 39, 30, '18.00', '0.00', '540.00'),
(1880, 10977, '2015-03-26', 24, 8, 47, 30, '9.50', '0.00', '270.00'),
(1881, 10977, '2015-03-26', 24, 8, 51, 10, '53.00', '0.00', '530.00'),
(1882, 10977, '2015-03-26', 24, 8, 63, 20, '43.90', '0.00', '860.00'),
(1883, 10978, '2015-03-26', 50, 9, 8, 20, '40.00', '0.15', '680.00'),
(1884, 10978, '2015-03-26', 50, 9, 21, 40, '10.00', '0.15', '340.00'),
(1885, 10978, '2015-03-26', 50, 9, 40, 10, '18.40', '0.00', '180.00'),
(1886, 10978, '2015-03-26', 50, 9, 44, 6, '19.45', '0.15', '96.90'),
(1887, 10979, '2015-03-26', 20, 8, 7, 18, '30.00', '0.00', '540.00'),
(1888, 10979, '2015-03-26', 20, 8, 12, 20, '38.00', '0.00', '760.00'),
(1889, 10979, '2015-03-26', 20, 8, 24, 80, '4.50', '0.00', '320.00'),
(1890, 10979, '2015-03-26', 20, 8, 27, 30, '43.90', '0.00', '1290.00'),
(1891, 10979, '2015-03-26', 20, 8, 31, 24, '12.50', '0.00', '288.00'),
(1892, 10979, '2015-03-26', 20, 8, 63, 35, '43.90', '0.00', '1505.00'),
(1893, 10980, '2015-03-27', 24, 4, 75, 40, '7.75', '0.20', '224.00'),
(1894, 10981, '2015-03-27', 34, 1, 38, 60, '263.50', '0.00', '15780.00'),
(1895, 10982, '2015-03-27', 10, 2, 7, 20, '30.00', '0.00', '600.00'),
(1896, 10982, '2015-03-27', 10, 2, 43, 9, '46.00', '0.00', '414.00'),
(1897, 10983, '2015-03-27', 71, 2, 13, 84, '6.00', '0.15', '428.40'),
(1898, 10983, '2015-03-27', 71, 2, 57, 15, '19.50', '0.00', '285.00'),
(1899, 10984, '2015-03-30', 71, 1, 16, 55, '17.45', '0.00', '935.00'),
(1900, 10984, '2015-03-30', 71, 1, 24, 20, '4.50', '0.00', '80.00'),
(1901, 10984, '2015-03-30', 71, 1, 36, 40, '19.00', '0.00', '760.00'),
(1902, 10985, '2015-03-30', 37, 2, 16, 36, '17.45', '0.10', '550.80'),
(1903, 10985, '2015-03-30', 37, 2, 18, 8, '62.50', '0.10', '446.40'),
(1904, 10985, '2015-03-30', 37, 2, 32, 35, '32.00', '0.10', '1008.00'),
(1905, 10986, '2015-03-30', 54, 8, 11, 30, '21.00', '0.00', '630.00'),
(1906, 10986, '2015-03-30', 54, 8, 20, 15, '81.00', '0.00', '1215.00'),
(1907, 10986, '2015-03-30', 54, 8, 76, 10, '18.00', '0.00', '180.00'),
(1908, 10986, '2015-03-30', 54, 8, 77, 15, '13.00', '0.00', '195.00'),
(1909, 10987, '2015-03-31', 19, 8, 7, 60, '30.00', '0.00', '1800.00'),
(1910, 10987, '2015-03-31', 19, 8, 43, 6, '46.00', '0.00', '276.00'),
(1911, 10987, '2015-03-31', 19, 8, 72, 20, '34.80', '0.00', '680.00'),
(1912, 10988, '2015-03-31', 65, 3, 7, 60, '30.00', '0.00', '1800.00'),
(1913, 10988, '2015-03-31', 65, 3, 62, 40, '49.30', '0.10', '1764.00'),
(1914, 10989, '2015-03-31', 61, 2, 6, 40, '25.00', '0.00', '1000.00'),
(1915, 10989, '2015-03-31', 61, 2, 11, 15, '21.00', '0.00', '315.00'),
(1916, 10989, '2015-03-31', 61, 2, 41, 4, '9.65', '0.00', '36.00'),
(1917, 10990, '2015-04-01', 20, 2, 21, 65, '10.00', '0.00', '650.00'),
(1918, 10990, '2015-04-01', 20, 2, 34, 60, '14.00', '0.15', '714.00'),
(1919, 10990, '2015-04-01', 20, 2, 55, 65, '24.00', '0.15', '1326.00'),
(1920, 10990, '2015-04-01', 20, 2, 61, 66, '28.50', '0.15', '1570.80'),
(1921, 10991, '2015-04-01', 63, 1, 2, 50, '19.00', '0.20', '760.00'),
(1922, 10991, '2015-04-01', 63, 1, 70, 20, '15.00', '0.20', '240.00'),
(1923, 10991, '2015-04-01', 63, 1, 76, 90, '18.00', '0.20', '1296.00'),
(1924, 10992, '2015-04-01', 77, 1, 72, 2, '34.80', '0.00', '68.00'),
(1925, 10993, '2015-04-01', 24, 7, 29, 50, '123.79', '0.25', '4612.50'),
(1926, 10993, '2015-04-01', 24, 7, 41, 35, '9.65', '0.25', '236.25'),
(1927, 10994, '2015-04-02', 83, 2, 59, 18, '55.00', '0.05', '940.50'),
(1928, 10995, '2015-04-02', 58, 1, 51, 20, '53.00', '0.00', '1060.00'),
(1929, 10995, '2015-04-02', 58, 1, 60, 4, '34.00', '0.00', '136.00'),
(1930, 10996, '2015-04-02', 63, 4, 42, 40, '14.00', '0.00', '560.00'),
(1931, 10997, '2015-04-03', 46, 8, 32, 50, '32.00', '0.00', '1600.00'),
(1932, 10997, '2015-04-03', 46, 8, 46, 20, '12.00', '0.25', '180.00'),
(1933, 10997, '2015-04-03', 46, 8, 52, 20, '7.00', '0.25', '105.00'),
(1934, 10998, '2015-04-03', 91, 8, 24, 12, '4.50', '0.00', '48.00'),
(1935, 10998, '2015-04-03', 91, 8, 61, 7, '28.50', '0.00', '196.00'),
(1936, 10998, '2015-04-03', 91, 8, 74, 20, '10.00', '0.00', '200.00'),
(1937, 10998, '2015-04-03', 91, 8, 75, 30, '7.75', '0.00', '210.00'),
(1938, 10999, '2015-04-03', 56, 6, 41, 20, '9.65', '0.05', '171.00'),
(1939, 10999, '2015-04-03', 56, 6, 51, 15, '53.00', '0.05', '755.25'),
(1940, 10999, '2015-04-03', 56, 6, 77, 21, '13.00', '0.05', '259.35'),
(1941, 11000, '2015-04-06', 65, 2, 4, 25, '22.00', '0.25', '412.50'),
(1942, 11000, '2015-04-06', 65, 2, 24, 30, '4.50', '0.25', '90.00'),
(1943, 11000, '2015-04-06', 65, 2, 77, 30, '13.00', '0.00', '390.00'),
(1944, 11001, '2015-04-06', 24, 2, 7, 60, '30.00', '0.00', '1800.00'),
(1945, 11001, '2015-04-06', 24, 2, 22, 25, '21.00', '0.00', '525.00'),
(1946, 11001, '2015-04-06', 24, 2, 46, 25, '12.00', '0.00', '300.00'),
(1947, 11001, '2015-04-06', 24, 2, 55, 6, '24.00', '0.00', '144.00'),
(1948, 11002, '2015-04-06', 71, 4, 13, 56, '6.00', '0.00', '336.00'),
(1949, 11002, '2015-04-06', 71, 4, 35, 15, '18.00', '0.15', '229.50'),
(1950, 11002, '2015-04-06', 71, 4, 42, 24, '14.00', '0.15', '285.60'),
(1951, 11002, '2015-04-06', 71, 4, 55, 40, '24.00', '0.00', '960.00'),
(1952, 11003, '2015-04-06', 78, 3, 1, 4, '18.00', '0.00', '72.00'),
(1953, 11003, '2015-04-06', 78, 3, 40, 10, '18.40', '0.00', '180.00'),
(1954, 11003, '2015-04-06', 78, 3, 52, 10, '7.00', '0.00', '70.00'),
(1955, 11004, '2015-04-07', 50, 3, 26, 6, '31.23', '0.00', '186.00'),
(1956, 11004, '2015-04-07', 50, 3, 76, 6, '18.00', '0.00', '108.00'),
(1957, 11005, '2015-04-07', 90, 2, 1, 2, '18.00', '0.00', '36.00'),
(1958, 11005, '2015-04-07', 90, 2, 59, 10, '55.00', '0.00', '550.00'),
(1959, 11006, '2015-04-07', 32, 3, 1, 8, '18.00', '0.00', '144.00'),
(1960, 11006, '2015-04-07', 32, 3, 29, 2, '123.79', '0.25', '184.50'),
(1961, 11007, '2015-04-08', 60, 8, 8, 30, '40.00', '0.00', '1200.00'),
(1962, 11007, '2015-04-08', 60, 8, 29, 10, '123.79', '0.00', '1230.00'),
(1963, 11007, '2015-04-08', 60, 8, 42, 14, '14.00', '0.00', '196.00'),
(1964, 11008, '2015-04-08', 20, 7, 28, 70, '45.60', '0.05', '2992.50'),
(1965, 11008, '2015-04-08', 20, 7, 34, 90, '14.00', '0.05', '1197.00'),
(1966, 11008, '2015-04-08', 20, 7, 71, 21, '21.50', '0.00', '441.00'),
(1967, 11009, '2015-04-08', 30, 2, 24, 12, '4.50', '0.00', '48.00'),
(1968, 11009, '2015-04-08', 30, 2, 36, 18, '19.00', '0.25', '256.50'),
(1969, 11009, '2015-04-08', 30, 2, 60, 9, '34.00', '0.00', '306.00'),
(1970, 11010, '2015-04-09', 66, 2, 7, 20, '30.00', '0.00', '600.00'),
(1971, 11010, '2015-04-09', 66, 2, 24, 10, '4.50', '0.00', '40.00'),
(1972, 11011, '2015-04-09', 1, 3, 58, 40, '13.25', '0.05', '494.00'),
(1973, 11011, '2015-04-09', 1, 3, 71, 20, '21.50', '0.00', '420.00'),
(1974, 11012, '2015-04-09', 25, 1, 19, 50, '9.20', '0.05', '427.50'),
(1975, 11012, '2015-04-09', 25, 1, 60, 36, '34.00', '0.05', '1162.80'),
(1976, 11012, '2015-04-09', 25, 1, 71, 60, '21.50', '0.05', '1197.00'),
(1977, 11013, '2015-04-09', 69, 2, 23, 10, '9.00', '0.00', '90.00'),
(1978, 11013, '2015-04-09', 69, 2, 42, 4, '14.00', '0.00', '56.00'),
(1979, 11013, '2015-04-09', 69, 2, 45, 20, '9.50', '0.00', '180.00'),
(1980, 11013, '2015-04-09', 69, 2, 68, 2, '12.50', '0.00', '24.00'),
(1981, 11014, '2015-04-10', 47, 2, 41, 28, '9.65', '0.10', '226.80'),
(1982, 11015, '2015-04-10', 70, 2, 30, 15, '25.89', '0.00', '375.00'),
(1983, 11015, '2015-04-10', 70, 2, 77, 18, '13.00', '0.00', '234.00'),
(1984, 11016, '2015-04-10', 4, 9, 31, 15, '12.50', '0.00', '180.00'),
(1985, 11016, '2015-04-10', 4, 9, 36, 16, '19.00', '0.00', '304.00'),
(1986, 11017, '2015-04-13', 20, 9, 3, 25, '10.00', '0.00', '250.00'),
(1987, 11017, '2015-04-13', 20, 9, 59, 110, '55.00', '0.00', '6050.00'),
(1988, 11017, '2015-04-13', 20, 9, 70, 30, '15.00', '0.00', '450.00'),
(1989, 11018, '2015-04-13', 48, 4, 12, 20, '38.00', '0.00', '760.00'),
(1990, 11018, '2015-04-13', 48, 4, 18, 10, '62.50', '0.00', '620.00'),
(1991, 11018, '2015-04-13', 48, 4, 56, 5, '38.00', '0.00', '190.00'),
(1992, 11019, '2015-04-13', 64, 6, 46, 3, '12.00', '0.00', '36.00'),
(1993, 11019, '2015-04-13', 64, 6, 49, 2, '20.00', '0.00', '40.00'),
(1994, 11020, '2015-04-14', 56, 2, 10, 24, '31.00', '0.15', '632.40'),
(1995, 11021, '2015-04-14', 63, 3, 2, 11, '19.00', '0.25', '156.75'),
(1996, 11021, '2015-04-14', 63, 3, 20, 15, '81.00', '0.00', '1215.00'),
(1997, 11021, '2015-04-14', 63, 3, 26, 63, '31.23', '0.00', '1953.00'),
(1998, 11021, '2015-04-14', 63, 3, 51, 44, '53.00', '0.25', '1749.00'),
(1999, 11021, '2015-04-14', 63, 3, 72, 35, '34.80', '0.00', '1190.00'),
(2000, 11022, '2015-04-14', 34, 9, 19, 35, '9.20', '0.00', '315.00'),
(2001, 11022, '2015-04-14', 34, 9, 69, 30, '36.00', '0.00', '1080.00'),
(2002, 11023, '2015-04-14', 11, 1, 7, 4, '30.00', '0.00', '120.00'),
(2003, 11023, '2015-04-14', 11, 1, 43, 30, '46.00', '0.00', '1380.00'),
(2004, 11024, '2015-04-15', 19, 4, 26, 12, '31.23', '0.00', '372.00'),
(2005, 11024, '2015-04-15', 19, 4, 33, 30, '2.50', '0.00', '60.00'),
(2006, 11024, '2015-04-15', 19, 4, 65, 21, '21.05', '0.00', '441.00'),
(2007, 11024, '2015-04-15', 19, 4, 71, 50, '21.50', '0.00', '1050.00'),
(2008, 11025, '2015-04-15', 87, 6, 1, 10, '18.00', '0.10', '162.00'),
(2009, 11025, '2015-04-15', 87, 6, 13, 20, '6.00', '0.10', '108.00'),
(2010, 11026, '2015-04-15', 27, 4, 18, 8, '62.50', '0.00', '496.00'),
(2011, 11026, '2015-04-15', 27, 4, 51, 10, '53.00', '0.00', '530.00'),
(2012, 11027, '2015-04-16', 10, 1, 24, 30, '4.50', '0.25', '90.00'),
(2013, 11027, '2015-04-16', 10, 1, 62, 21, '49.30', '0.25', '771.75'),
(2014, 11028, '2015-04-16', 39, 2, 55, 35, '24.00', '0.00', '840.00'),
(2015, 11028, '2015-04-16', 39, 2, 59, 24, '55.00', '0.00', '1320.00'),
(2016, 11029, '2015-04-16', 14, 4, 56, 20, '38.00', '0.00', '760.00'),
(2017, 11029, '2015-04-16', 14, 4, 63, 12, '43.90', '0.00', '516.00'),
(2018, 11030, '2015-04-17', 71, 7, 2, 100, '19.00', '0.25', '1425.00'),
(2019, 11030, '2015-04-17', 71, 7, 5, 70, '21.35', '0.00', '1470.00'),
(2020, 11030, '2015-04-17', 71, 7, 29, 60, '123.79', '0.25', '5535.00'),
(2021, 11030, '2015-04-17', 71, 7, 59, 100, '55.00', '0.25', '4125.00'),
(2022, 11031, '2015-04-17', 71, 6, 1, 45, '18.00', '0.00', '810.00'),
(2023, 11031, '2015-04-17', 71, 6, 13, 80, '6.00', '0.00', '480.00'),
(2024, 11031, '2015-04-17', 71, 6, 24, 21, '4.50', '0.00', '84.00'),
(2025, 11031, '2015-04-17', 71, 6, 64, 20, '33.25', '0.00', '660.00'),
(2026, 11031, '2015-04-17', 71, 6, 71, 16, '21.50', '0.00', '336.00'),
(2027, 11032, '2015-04-17', 89, 2, 36, 35, '19.00', '0.00', '665.00'),
(2028, 11032, '2015-04-17', 89, 2, 38, 25, '263.50', '0.00', '6575.00'),
(2029, 11032, '2015-04-17', 89, 2, 59, 30, '55.00', '0.00', '1650.00'),
(2030, 11033, '2015-04-17', 68, 7, 53, 70, '32.80', '0.10', '2016.00'),
(2031, 11033, '2015-04-17', 68, 7, 69, 36, '36.00', '0.10', '1166.40'),
(2032, 11034, '2015-04-20', 55, 8, 21, 15, '10.00', '0.10', '135.00'),
(2033, 11034, '2015-04-20', 55, 8, 44, 12, '19.45', '0.00', '228.00'),
(2034, 11034, '2015-04-20', 55, 8, 61, 6, '28.50', '0.00', '168.00'),
(2035, 11035, '2015-04-20', 76, 2, 1, 10, '18.00', '0.00', '180.00'),
(2036, 11035, '2015-04-20', 76, 2, 35, 60, '18.00', '0.00', '1080.00'),
(2037, 11035, '2015-04-20', 76, 2, 42, 30, '14.00', '0.00', '420.00'),
(2038, 11035, '2015-04-20', 76, 2, 54, 10, '7.45', '0.00', '70.00'),
(2039, 11036, '2015-04-20', 17, 8, 13, 7, '6.00', '0.00', '42.00'),
(2040, 11036, '2015-04-20', 17, 8, 59, 30, '55.00', '0.00', '1650.00'),
(2041, 11037, '2015-04-21', 30, 7, 70, 4, '15.00', '0.00', '60.00'),
(2042, 11038, '2015-04-21', 76, 1, 40, 5, '18.40', '0.20', '72.00'),
(2043, 11038, '2015-04-21', 76, 1, 52, 2, '7.00', '0.00', '14.00'),
(2044, 11038, '2015-04-21', 76, 1, 71, 30, '21.50', '0.00', '630.00'),
(2045, 11039, '2015-04-21', 47, 1, 28, 20, '45.60', '0.00', '900.00'),
(2046, 11039, '2015-04-21', 47, 1, 35, 24, '18.00', '0.00', '432.00'),
(2047, 11039, '2015-04-21', 47, 1, 49, 60, '20.00', '0.00', '1200.00'),
(2048, 11039, '2015-04-21', 47, 1, 57, 28, '19.50', '0.00', '532.00'),
(2049, 11040, '2015-04-22', 32, 4, 21, 20, '10.00', '0.00', '200.00'),
(2050, 11041, '2015-04-22', 14, 3, 2, 30, '19.00', '0.20', '456.00'),
(2051, 11041, '2015-04-22', 14, 3, 63, 30, '43.90', '0.00', '1290.00'),
(2052, 11042, '2015-04-22', 15, 2, 44, 15, '19.45', '0.00', '285.00'),
(2053, 11042, '2015-04-22', 15, 2, 61, 4, '28.50', '0.00', '112.00'),
(2054, 11043, '2015-04-22', 74, 5, 11, 10, '21.00', '0.00', '210.00'),
(2055, 11044, '2015-04-23', 91, 4, 62, 12, '49.30', '0.00', '588.00'),
(2056, 11045, '2015-04-23', 10, 6, 33, 15, '2.50', '0.00', '30.00'),
(2057, 11045, '2015-04-23', 10, 6, 51, 24, '53.00', '0.00', '1272.00'),
(2058, 11046, '2015-04-23', 86, 8, 12, 20, '38.00', '0.05', '722.00'),
(2059, 11046, '2015-04-23', 86, 8, 32, 15, '32.00', '0.05', '456.00'),
(2060, 11046, '2015-04-23', 86, 8, 35, 18, '18.00', '0.05', '307.80'),
(2061, 11047, '2015-04-24', 19, 7, 1, 25, '18.00', '0.25', '337.50'),
(2062, 11047, '2015-04-24', 19, 7, 5, 30, '21.35', '0.25', '472.50'),
(2063, 11048, '2015-04-24', 10, 7, 68, 42, '12.50', '0.00', '504.00'),
(2064, 11049, '2015-04-24', 31, 3, 2, 10, '19.00', '0.20', '152.00'),
(2065, 11049, '2015-04-24', 31, 3, 12, 4, '38.00', '0.20', '121.60'),
(2066, 11050, '2015-04-27', 24, 8, 76, 50, '18.00', '0.10', '810.00'),
(2067, 11051, '2015-04-27', 41, 7, 24, 10, '4.50', '0.20', '32.00'),
(2068, 11052, '2015-04-27', 34, 3, 43, 30, '46.00', '0.20', '1104.00'),
(2069, 11052, '2015-04-27', 34, 3, 61, 10, '28.50', '0.20', '224.00'),
(2070, 11053, '2015-04-27', 59, 2, 18, 35, '62.50', '0.20', '1736.00'),
(2071, 11053, '2015-04-27', 59, 2, 32, 20, '32.00', '0.00', '640.00'),
(2072, 11053, '2015-04-27', 59, 2, 64, 25, '33.25', '0.20', '660.00'),
(2073, 11054, '2015-04-28', 12, 8, 33, 10, '2.50', '0.00', '20.00'),
(2074, 11054, '2015-04-28', 12, 8, 67, 20, '14.00', '0.00', '280.00'),
(2075, 11055, '2015-04-28', 35, 7, 24, 15, '4.50', '0.00', '60.00'),
(2076, 11055, '2015-04-28', 35, 7, 25, 15, '14.00', '0.00', '210.00'),
(2077, 11055, '2015-04-28', 35, 7, 51, 20, '53.00', '0.00', '1060.00'),
(2078, 11055, '2015-04-28', 35, 7, 57, 20, '19.50', '0.00', '380.00'),
(2079, 11056, '2015-04-28', 19, 8, 7, 40, '30.00', '0.00', '1200.00'),
(2080, 11056, '2015-04-28', 19, 8, 55, 35, '24.00', '0.00', '840.00'),
(2081, 11056, '2015-04-28', 19, 8, 60, 50, '34.00', '0.00', '1700.00'),
(2082, 11057, '2015-04-29', 53, 3, 70, 3, '15.00', '0.00', '45.00'),
(2083, 11058, '2015-04-29', 6, 9, 21, 3, '10.00', '0.00', '30.00'),
(2084, 11058, '2015-04-29', 6, 9, 60, 21, '34.00', '0.00', '714.00'),
(2085, 11058, '2015-04-29', 6, 9, 61, 4, '28.50', '0.00', '112.00'),
(2086, 11059, '2015-04-29', 67, 2, 13, 30, '6.00', '0.00', '180.00'),
(2087, 11059, '2015-04-29', 67, 2, 17, 12, '39.00', '0.00', '468.00'),
(2088, 11059, '2015-04-29', 67, 2, 60, 35, '34.00', '0.00', '1190.00'),
(2089, 11060, '2015-04-30', 27, 2, 60, 4, '34.00', '0.00', '136.00'),
(2090, 11060, '2015-04-30', 27, 2, 77, 10, '13.00', '0.00', '130.00'),
(2091, 11061, '2015-04-30', 32, 4, 60, 15, '34.00', '0.00', '510.00'),
(2092, 11062, '2015-04-30', 66, 4, 53, 10, '32.80', '0.20', '256.00'),
(2093, 11062, '2015-04-30', 66, 4, 70, 12, '15.00', '0.20', '144.00'),
(2094, 11063, '2015-04-30', 37, 3, 34, 30, '14.00', '0.00', '420.00'),
(2095, 11063, '2015-04-30', 37, 3, 40, 40, '18.40', '0.10', '648.00'),
(2096, 11063, '2015-04-30', 37, 3, 41, 30, '9.65', '0.10', '243.00'),
(2097, 11064, '2015-05-01', 71, 1, 17, 77, '39.00', '0.10', '2702.70'),
(2098, 11064, '2015-05-01', 71, 1, 41, 12, '9.65', '0.00', '108.00'),
(2099, 11064, '2015-05-01', 71, 1, 53, 25, '32.80', '0.10', '720.00'),
(2100, 11064, '2015-05-01', 71, 1, 55, 4, '24.00', '0.10', '86.40'),
(2101, 11064, '2015-05-01', 71, 1, 68, 55, '12.50', '0.00', '660.00'),
(2102, 11065, '2015-05-01', 46, 8, 30, 4, '25.89', '0.25', '75.00'),
(2103, 11065, '2015-05-01', 46, 8, 54, 20, '7.45', '0.25', '105.00'),
(2104, 11066, '2015-05-01', 89, 7, 16, 3, '17.45', '0.00', '51.00'),
(2105, 11066, '2015-05-01', 89, 7, 19, 42, '9.20', '0.00', '378.00'),
(2106, 11066, '2015-05-01', 89, 7, 34, 35, '14.00', '0.00', '490.00'),
(2107, 11067, '2015-05-04', 17, 1, 41, 9, '9.65', '0.00', '81.00'),
(2108, 11068, '2015-05-04', 62, 8, 28, 8, '45.60', '0.15', '306.00'),
(2109, 11068, '2015-05-04', 62, 8, 43, 36, '46.00', '0.15', '1407.60'),
(2110, 11068, '2015-05-04', 62, 8, 77, 28, '13.00', '0.15', '309.40'),
(2111, 11069, '2015-05-04', 80, 1, 39, 20, '18.00', '0.00', '360.00'),
(2112, 11070, '2015-05-05', 44, 2, 1, 40, '18.00', '0.15', '612.00'),
(2113, 11070, '2015-05-05', 44, 2, 2, 20, '19.00', '0.15', '323.00'),
(2114, 11070, '2015-05-05', 44, 2, 16, 30, '17.45', '0.15', '433.50'),
(2115, 11070, '2015-05-05', 44, 2, 31, 20, '12.50', '0.00', '240.00'),
(2116, 11071, '2015-05-05', 46, 1, 7, 15, '30.00', '0.05', '427.50'),
(2117, 11071, '2015-05-05', 46, 1, 13, 10, '6.00', '0.05', '57.00'),
(2118, 11072, '2015-05-05', 20, 4, 2, 8, '19.00', '0.00', '152.00'),
(2119, 11072, '2015-05-05', 20, 4, 41, 40, '9.65', '0.00', '360.00'),
(2120, 11072, '2015-05-05', 20, 4, 50, 22, '16.25', '0.00', '352.00'),
(2121, 11072, '2015-05-05', 20, 4, 64, 130, '33.25', '0.00', '4290.00'),
(2122, 11073, '2015-05-05', 58, 2, 11, 10, '21.00', '0.00', '210.00'),
(2123, 11073, '2015-05-05', 58, 2, 24, 20, '4.50', '0.00', '80.00'),
(2124, 11074, '2015-05-06', 73, 7, 16, 14, '17.45', '0.05', '226.10'),
(2125, 11075, '2015-05-06', 68, 8, 2, 10, '19.00', '0.15', '161.50'),
(2126, 11075, '2015-05-06', 68, 8, 46, 30, '12.00', '0.15', '306.00'),
(2127, 11075, '2015-05-06', 68, 8, 76, 2, '18.00', '0.15', '30.60'),
(2128, 11076, '2015-05-06', 9, 4, 6, 20, '25.00', '0.25', '375.00'),
(2129, 11076, '2015-05-06', 9, 4, 14, 20, '23.25', '0.25', '345.00'),
(2130, 11076, '2015-05-06', 9, 4, 19, 10, '9.20', '0.25', '67.50'),
(2131, 11077, '2015-05-06', 65, 1, 2, 24, '19.00', '0.20', '364.80'),
(2132, 11077, '2015-05-06', 65, 1, 3, 4, '10.00', '0.00', '40.00'),
(2133, 11077, '2015-05-06', 65, 1, 4, 1, '22.00', '0.00', '22.00'),
(2134, 11077, '2015-05-06', 65, 1, 6, 1, '25.00', '0.02', '24.50'),
(2135, 11077, '2015-05-06', 65, 1, 7, 1, '30.00', '0.05', '28.50'),
(2136, 11077, '2015-05-06', 65, 1, 8, 2, '40.00', '0.10', '72.00'),
(2137, 11077, '2015-05-06', 65, 1, 10, 1, '31.00', '0.00', '31.00'),
(2138, 11077, '2015-05-06', 65, 1, 12, 2, '38.00', '0.05', '72.20'),
(2139, 11077, '2015-05-06', 65, 1, 13, 4, '6.00', '0.00', '24.00'),
(2140, 11077, '2015-05-06', 65, 1, 14, 1, '23.25', '0.03', '22.31'),
(2141, 11077, '2015-05-06', 65, 1, 16, 2, '17.45', '0.03', '32.98'),
(2142, 11077, '2015-05-06', 65, 1, 20, 1, '81.00', '0.04', '77.76'),
(2143, 11077, '2015-05-06', 65, 1, 23, 2, '9.00', '0.00', '18.00'),
(2144, 11077, '2015-05-06', 65, 1, 32, 1, '32.00', '0.00', '32.00'),
(2145, 11077, '2015-05-06', 65, 1, 39, 2, '18.00', '0.05', '34.20'),
(2146, 11077, '2015-05-06', 65, 1, 41, 3, '9.65', '0.00', '27.00'),
(2147, 11077, '2015-05-06', 65, 1, 46, 3, '12.00', '0.02', '35.28'),
(2148, 11077, '2015-05-06', 65, 1, 52, 2, '7.00', '0.00', '14.00'),
(2149, 11077, '2015-05-06', 65, 1, 55, 2, '24.00', '0.00', '48.00'),
(2150, 11077, '2015-05-06', 65, 1, 60, 2, '34.00', '0.06', '63.92'),
(2151, 11077, '2015-05-06', 65, 1, 64, 2, '33.25', '0.03', '64.02'),
(2152, 11077, '2015-05-06', 65, 1, 66, 1, '17.00', '0.00', '17.00'),
(2153, 11077, '2015-05-06', 65, 1, 73, 2, '15.00', '0.01', '29.70'),
(2154, 11077, '2015-05-06', 65, 1, 75, 4, '7.75', '0.00', '28.00'),
(2155, 11077, '2015-05-06', 65, 1, 77, 2, '13.00', '0.00', '26.00');

--
-- Indexes for dumped tables
--

--
-- Indexes for table `dimcustomer`
--
ALTER TABLE `dimcustomer`
  ADD PRIMARY KEY (`CustomerKey`);

--
-- Indexes for table `dimemployee`
--
ALTER TABLE `dimemployee`
  ADD PRIMARY KEY (`EmployeeKey`);

--
-- Indexes for table `dimproduct`
--
ALTER TABLE `dimproduct`
  ADD PRIMARY KEY (`ProductKey`);

--
-- Indexes for table `factsales`
--
ALTER TABLE `factsales`
  ADD PRIMARY KEY (`SalesID`),
  ADD KEY `CustomerKey` (`CustomerKey`),
  ADD KEY `EmployeeKey` (`EmployeeKey`),
  ADD KEY `ProductKey` (`ProductKey`);

--
-- AUTO_INCREMENT for dumped tables
--

--
-- AUTO_INCREMENT for table `dimcustomer`
--
ALTER TABLE `dimcustomer`
  MODIFY `CustomerKey` int NOT NULL AUTO_INCREMENT, AUTO_INCREMENT=92;

--
-- AUTO_INCREMENT for table `dimemployee`
--
ALTER TABLE `dimemployee`
  MODIFY `EmployeeKey` int NOT NULL AUTO_INCREMENT, AUTO_INCREMENT=10;

--
-- AUTO_INCREMENT for table `dimproduct`
--
ALTER TABLE `dimproduct`
  MODIFY `ProductKey` int NOT NULL AUTO_INCREMENT, AUTO_INCREMENT=155;

--
-- AUTO_INCREMENT for table `factsales`
--
ALTER TABLE `factsales`
  MODIFY `SalesID` int NOT NULL AUTO_INCREMENT, AUTO_INCREMENT=2156;

--
-- Constraints for dumped tables
--

--
-- Constraints for table `factsales`
--
ALTER TABLE `factsales`
  ADD CONSTRAINT `factsales_ibfk_1` FOREIGN KEY (`CustomerKey`) REFERENCES `dimcustomer` (`CustomerKey`),
  ADD CONSTRAINT `factsales_ibfk_2` FOREIGN KEY (`EmployeeKey`) REFERENCES `dimemployee` (`EmployeeKey`),
  ADD CONSTRAINT `factsales_ibfk_3` FOREIGN KEY (`ProductKey`) REFERENCES `dimproduct` (`ProductKey`);
COMMIT;

/*!40101 SET CHARACTER_SET_CLIENT=@OLD_CHARACTER_SET_CLIENT */;
/*!40101 SET CHARACTER_SET_RESULTS=@OLD_CHARACTER_SET_RESULTS */;
/*!40101 SET COLLATION_CONNECTION=@OLD_COLLATION_CONNECTION */;
